[{"model":"admin.logentry","pk":1,"fields":{"action_time":"2020-08-27T21:52:25.538Z","user":1,"content_type":8,"object_id":"1","object_repr":"21456-1 S&S","action_flag":1,"change_message":"[{\"added\": {}}]"}},{"model":"admin.logentry","pk":2,"fields":{"action_time":"2020-08-27T21:58:49.676Z","user":1,"content_type":8,"object_id":"2","object_repr":"215487-3 AT&T","action_flag":1,"change_message":"[{\"added\": {}}]"}},{"model":"admin.logentry","pk":3,"fields":{"action_time":"2020-08-29T15:19:31.602Z","user":1,"content_type":8,"object_id":"3","object_repr":"1000-1 ATCA","action_flag":1,"change_message":"[{\"added\": {}}]"}},{"model":"admin.logentry","pk":4,"fields":{"action_time":"2020-08-31T16:24:37.598Z","user":1,"content_type":4,"object_id":"2","object_repr":"adolfo.flores","action_flag":1,"change_message":"[{\"added\": {}}]"}},{"model":"admin.logentry","pk":5,"fields":{"action_time":"2020-08-31T16:25:07.540Z","user":1,"content_type":4,"object_id":"2","object_repr":"adolfo.flores","action_flag":2,"change_message":"[{\"changed\": {\"fields\": [\"First name\", \"Last name\", \"Staff status\", \"User permissions\"]}}]"}},{"model":"admin.logentry","pk":6,"fields":{"action_time":"2020-08-31T16:25:29.666Z","user":1,"content_type":4,"object_id":"3","object_repr":"raul.villegas","action_flag":1,"change_message":"[{\"added\": {}}]"}},{"model":"admin.logentry","pk":7,"fields":{"action_time":"2020-08-31T16:26:09.718Z","user":1,"content_type":4,"object_id":"3","object_repr":"raul.villegas","action_flag":2,"change_message":"[{\"changed\": {\"fields\": [\"First name\", \"Last name\", \"Staff status\", \"User permissions\"]}}]"}},{"model":"admin.logentry","pk":8,"fields":{"action_time":"2020-08-31T16:26:35.039Z","user":1,"content_type":3,"object_id":"1","object_repr":"staff","action_flag":1,"change_message":"[{\"added\": {}}]"}},{"model":"admin.logentry","pk":9,"fields":{"action_time":"2020-08-31T16:27:08.876Z","user":1,"content_type":4,"object_id":"3","object_repr":"raul.villegas","action_flag":2,"change_message":"[{\"changed\": {\"fields\": [\"Groups\", \"User permissions\"]}}]"}},{"model":"admin.logentry","pk":10,"fields":{"action_time":"2020-08-31T16:27:54.065Z","user":1,"content_type":4,"object_id":"4","object_repr":"edwin.vasquez","action_flag":1,"change_message":"[{\"added\": {}}]"}},{"model":"admin.logentry","pk":11,"fields":{"action_time":"2020-08-31T16:28:33.479Z","user":1,"content_type":4,"object_id":"4","object_repr":"edwin.vasquez","action_flag":2,"change_message":"[{\"changed\": {\"fields\": [\"First name\", \"Last name\", \"Staff status\", \"Groups\"]}}]"}},{"model":"admin.logentry","pk":12,"fields":{"action_time":"2020-08-31T16:30:08.367Z","user":2,"content_type":7,"object_id":"12","object_repr":"54654-5 : utgfyfr","action_flag":3,"change_message":""}},{"model":"admin.logentry","pk":13,"fields":{"action_time":"2020-08-31T16:30:08.376Z","user":2,"content_type":7,"object_id":"11","object_repr":"4654654-5 : 654654654","action_flag":3,"change_message":""}},{"model":"admin.logentry","pk":14,"fields":{"action_time":"2020-08-31T16:30:08.380Z","user":2,"content_type":7,"object_id":"10","object_repr":"54165468-5 : gcdzdhfzhd6","action_flag":3,"change_message":""}},{"model":"admin.logentry","pk":15,"fields":{"action_time":"2020-08-31T16:30:08.386Z","user":2,"content_type":7,"object_id":"9","object_repr":"631654-45 : gvjhcfdj","action_flag":3,"change_message":""}},{"model":"admin.logentry","pk":16,"fields":{"action_time":"2020-08-31T16:30:08.396Z","user":2,"content_type":7,"object_id":"8","object_repr":"12588-5 : Baobao","action_flag":3,"change_message":""}},{"model":"admin.logentry","pk":17,"fields":{"action_time":"2020-08-31T16:30:08.407Z","user":2,"content_type":7,"object_id":"7","object_repr":"6543684-5 : vtym67m","action_flag":3,"change_message":""}},{"model":"admin.logentry","pk":18,"fields":{"action_time":"2020-08-31T16:30:08.420Z","user":2,"content_type":7,"object_id":"6","object_repr":"6543684-5 : vtym67m","action_flag":3,"change_message":""}},{"model":"admin.logentry","pk":19,"fields":{"action_time":"2020-08-31T16:30:08.432Z","user":2,"content_type":7,"object_id":"5","object_repr":"321164-5 : Tauros","action_flag":3,"change_message":""}},{"model":"admin.logentry","pk":20,"fields":{"action_time":"2020-08-31T16:30:08.440Z","user":2,"content_type":7,"object_id":"4","object_repr":"321164-5 : Tauros","action_flag":3,"change_message":""}},{"model":"admin.logentry","pk":21,"fields":{"action_time":"2020-08-31T16:30:08.444Z","user":2,"content_type":7,"object_id":"3","object_repr":"23168-7 : nombre","action_flag":3,"change_message":""}},{"model":"admin.logentry","pk":22,"fields":{"action_time":"2020-08-31T16:30:08.449Z","user":2,"content_type":7,"object_id":"2","object_repr":"4114-9 : DGO","action_flag":3,"change_message":""}},{"model":"admin.logentry","pk":23,"fields":{"action_time":"2020-08-31T16:30:08.455Z","user":2,"content_type":7,"object_id":"1","object_repr":"4114-9 : DGO","action_flag":3,"change_message":""}},{"model":"admin.logentry","pk":24,"fields":{"action_time":"2020-08-31T16:30:21.324Z","user":2,"content_type":7,"object_id":"13","object_repr":"2525-0 : Chicharrones Mayor","action_flag":3,"change_message":""}},{"model":"admin.logentry","pk":25,"fields":{"action_time":"2020-08-31T16:47:10.435Z","user":3,"content_type":8,"object_id":"4","object_repr":"4114-9 Orlando González Orellana","action_flag":1,"change_message":"[{\"added\": {}}]"}},{"model":"admin.logentry","pk":26,"fields":{"action_time":"2020-08-31T18:10:26.656Z","user":3,"content_type":10,"object_id":"2","object_repr":"2020-08-20 : 1 : 4114-9 : ORLANDO GONZALEZ : Mes 8, Ano 2020","action_flag":3,"change_message":""}},{"model":"admin.logentry","pk":27,"fields":{"action_time":"2020-09-03T21:29:15.759Z","user":1,"content_type":12,"object_id":"12","object_repr":"2020-08-12 : 12 : 215487-3 AT&T","action_flag":2,"change_message":"[{\"changed\": {\"fields\": [\"Empresa\"]}}]"}},{"model":"admin.logentry","pk":28,"fields":{"action_time":"2020-09-03T21:29:26.517Z","user":1,"content_type":12,"object_id":"5","object_repr":"2020-08-04 : 5 : 21456-1 S&S","action_flag":2,"change_message":"[{\"changed\": {\"fields\": [\"Empresa\"]}}]"}},{"model":"admin.logentry","pk":29,"fields":{"action_time":"2020-09-07T20:38:46.363Z","user":1,"content_type":10,"object_id":"3","object_repr":"2020-07-22 : 1 : 19 : 4114-9 : ORLANDO GONZALEZ : Mes 8, Ano 2020 : 2","action_flag":2,"change_message":"[]"}},{"model":"admin.logentry","pk":30,"fields":{"action_time":"2020-09-07T20:38:52.882Z","user":1,"content_type":10,"object_id":"5","object_repr":"2020-08-02 : 1 : 19 : 4114-9 : ORLANDO GONZALEZ : Mes 8, Ano 2020 : 2","action_flag":2,"change_message":"[{\"changed\": {\"fields\": [\"Contribuyente\"]}}]"}},{"model":"admin.logentry","pk":31,"fields":{"action_time":"2020-09-09T15:02:16.160Z","user":1,"content_type":7,"object_id":"17","object_repr":"1245-5 : Prueba 2","action_flag":3,"change_message":""}},{"model":"admin.logentry","pk":32,"fields":{"action_time":"2020-09-09T15:02:16.169Z","user":1,"content_type":7,"object_id":"15","object_repr":"8765-6 : Prueba","action_flag":3,"change_message":""}},{"model":"admin.logentry","pk":33,"fields":{"action_time":"2020-09-09T15:06:29.847Z","user":1,"content_type":7,"object_id":"16","object_repr":"196836-1 : Jose Roberto Cubas Flores","action_flag":3,"change_message":""}},{"model":"admin.logentry","pk":34,"fields":{"action_time":"2020-09-09T15:26:05.754Z","user":1,"content_type":7,"object_id":"18","object_repr":"12347-4 : Ohxihx","action_flag":3,"change_message":""}},{"model":"admin.logentry","pk":35,"fields":{"action_time":"2020-09-09T15:28:24.324Z","user":1,"content_type":7,"object_id":"20","object_repr":"464-4 : jfgfdhdfgz","action_flag":3,"change_message":""}},{"model":"admin.logentry","pk":36,"fields":{"action_time":"2020-09-09T15:28:24.331Z","user":1,"content_type":7,"object_id":"19","object_repr":"156-4 : jyutfd","action_flag":3,"change_message":""}},{"model":"admin.logentry","pk":37,"fields":{"action_time":"2020-09-09T15:30:47.066Z","user":1,"content_type":7,"object_id":"21","object_repr":"464-4 : jfgfdhdfgz","action_flag":3,"change_message":""}},{"model":"admin.logentry","pk":38,"fields":{"action_time":"2020-09-09T15:33:59.535Z","user":1,"content_type":7,"object_id":"22","object_repr":"5458-4 : hyfshytrytr","action_flag":3,"change_message":""}},{"model":"admin.logentry","pk":39,"fields":{"action_time":"2020-09-09T16:46:11.984Z","user":1,"content_type":7,"object_id":"15","object_repr":"196836-1 : Jose Roberto Cubas Flores","action_flag":2,"change_message":"[{\"changed\": {\"fields\": [\"Actividad Economica 1\", \"Actividad Economica 2\", \"Tel\", \"Direccion\"]}}]"}},{"model":"admin.logentry","pk":40,"fields":{"action_time":"2020-09-09T16:46:16.937Z","user":1,"content_type":7,"object_id":"15","object_repr":"196836-1 : Jose Roberto Cubas Flores","action_flag":2,"change_message":"[]"}},{"model":"admin.logentry","pk":41,"fields":{"action_time":"2020-09-09T17:40:35.522Z","user":2,"content_type":8,"object_id":"5","object_repr":"268543-5 FLORES DE CANJURA GEORGINA ELIZABETH","action_flag":1,"change_message":"[{\"added\": {}}]"}},{"model":"admin.logentry","pk":42,"fields":{"action_time":"2020-09-09T17:45:22.723Z","user":1,"content_type":8,"object_id":"3","object_repr":"1000-1 ATCA","action_flag":3,"change_message":""}},{"model":"admin.logentry","pk":43,"fields":{"action_time":"2020-09-09T17:45:22.737Z","user":1,"content_type":8,"object_id":"2","object_repr":"215487-3 AT&T","action_flag":3,"change_message":""}},{"model":"admin.logentry","pk":44,"fields":{"action_time":"2020-09-09T17:45:22.749Z","user":1,"content_type":8,"object_id":"1","object_repr":"21456-1 S&S","action_flag":3,"change_message":""}},{"model":"admin.logentry","pk":45,"fields":{"action_time":"2020-09-09T17:54:42.238Z","user":1,"content_type":11,"object_id":"37","object_repr":"2020-01-10 : 442","action_flag":3,"change_message":""}},{"model":"admin.logentry","pk":46,"fields":{"action_time":"2020-09-09T17:54:42.248Z","user":1,"content_type":11,"object_id":"36","object_repr":"2020-01-30 : 443","action_flag":3,"change_message":""}},{"model":"admin.logentry","pk":47,"fields":{"action_time":"2020-09-09T17:54:42.252Z","user":1,"content_type":11,"object_id":"35","object_repr":"None : 443","action_flag":3,"change_message":""}},{"model":"admin.logentry","pk":48,"fields":{"action_time":"2020-09-09T17:54:42.256Z","user":1,"content_type":11,"object_id":"34","object_repr":"2020-08-20 : 20","action_flag":3,"change_message":""}},{"model":"admin.logentry","pk":49,"fields":{"action_time":"2020-09-09T17:54:42.269Z","user":1,"content_type":11,"object_id":"33","object_repr":"2020-08-19 : 19","action_flag":3,"change_message":""}},{"model":"admin.logentry","pk":50,"fields":{"action_time":"2020-09-09T17:54:42.281Z","user":1,"content_type":11,"object_id":"32","object_repr":"2020-08-18 : 18","action_flag":3,"change_message":""}},{"model":"admin.logentry","pk":51,"fields":{"action_time":"2020-09-09T17:54:42.293Z","user":1,"content_type":11,"object_id":"31","object_repr":"2020-08-17 : 17","action_flag":3,"change_message":""}},{"model":"admin.logentry","pk":52,"fields":{"action_time":"2020-09-09T17:54:42.306Z","user":1,"content_type":11,"object_id":"30","object_repr":"2020-08-16 : 16","action_flag":3,"change_message":""}},{"model":"admin.logentry","pk":53,"fields":{"action_time":"2020-09-09T17:54:42.313Z","user":1,"content_type":11,"object_id":"29","object_repr":"2020-08-15 : 15","action_flag":3,"change_message":""}},{"model":"admin.logentry","pk":54,"fields":{"action_time":"2020-09-09T17:54:42.317Z","user":1,"content_type":11,"object_id":"28","object_repr":"2020-08-14 : 14","action_flag":3,"change_message":""}},{"model":"admin.logentry","pk":55,"fields":{"action_time":"2020-09-09T17:54:42.322Z","user":1,"content_type":11,"object_id":"27","object_repr":"2020-08-13 : 13","action_flag":3,"change_message":""}},{"model":"admin.logentry","pk":56,"fields":{"action_time":"2020-09-09T17:54:42.327Z","user":1,"content_type":11,"object_id":"26","object_repr":"2020-08-12 : 12","action_flag":3,"change_message":""}},{"model":"admin.logentry","pk":57,"fields":{"action_time":"2020-09-09T17:54:42.340Z","user":1,"content_type":11,"object_id":"25","object_repr":"2002-08-11 : 11","action_flag":3,"change_message":""}},{"model":"admin.logentry","pk":58,"fields":{"action_time":"2020-09-09T17:54:42.354Z","user":1,"content_type":11,"object_id":"24","object_repr":"2020-08-10 : 10","action_flag":3,"change_message":""}},{"model":"admin.logentry","pk":59,"fields":{"action_time":"2020-09-09T17:54:42.366Z","user":1,"content_type":11,"object_id":"23","object_repr":"2020-08-09 : 9","action_flag":3,"change_message":""}},{"model":"admin.logentry","pk":60,"fields":{"action_time":"2020-09-09T17:54:42.378Z","user":1,"content_type":11,"object_id":"22","object_repr":"2020-08-08 : 8","action_flag":3,"change_message":""}},{"model":"admin.logentry","pk":61,"fields":{"action_time":"2020-09-09T17:54:42.383Z","user":1,"content_type":11,"object_id":"21","object_repr":"2020-08-07 : 7","action_flag":3,"change_message":""}},{"model":"admin.logentry","pk":62,"fields":{"action_time":"2020-09-09T17:54:42.387Z","user":1,"content_type":11,"object_id":"20","object_repr":"2020-08-06 : 6","action_flag":3,"change_message":""}},{"model":"admin.logentry","pk":63,"fields":{"action_time":"2020-09-09T17:54:42.393Z","user":1,"content_type":11,"object_id":"19","object_repr":"2020-08-05 : 5","action_flag":3,"change_message":""}},{"model":"admin.logentry","pk":64,"fields":{"action_time":"2020-09-09T17:54:42.400Z","user":1,"content_type":11,"object_id":"18","object_repr":"2020-08-04 : 4","action_flag":3,"change_message":""}},{"model":"admin.logentry","pk":65,"fields":{"action_time":"2020-09-09T17:54:42.412Z","user":1,"content_type":11,"object_id":"17","object_repr":"2020-08-02 : 3","action_flag":3,"change_message":""}},{"model":"admin.logentry","pk":66,"fields":{"action_time":"2020-09-09T17:54:42.424Z","user":1,"content_type":11,"object_id":"16","object_repr":"2020-08-03 : 2","action_flag":3,"change_message":""}},{"model":"admin.logentry","pk":67,"fields":{"action_time":"2020-09-09T17:54:42.436Z","user":1,"content_type":11,"object_id":"15","object_repr":"2020-08-02 : 1","action_flag":3,"change_message":""}},{"model":"admin.logentry","pk":68,"fields":{"action_time":"2020-09-09T17:54:42.448Z","user":1,"content_type":11,"object_id":"14","object_repr":"2020-08-09 : 70","action_flag":3,"change_message":""}},{"model":"admin.logentry","pk":69,"fields":{"action_time":"2020-09-09T17:54:42.455Z","user":1,"content_type":11,"object_id":"13","object_repr":"2020-08-08 : 60","action_flag":3,"change_message":""}},{"model":"admin.logentry","pk":70,"fields":{"action_time":"2020-09-09T17:54:42.459Z","user":1,"content_type":11,"object_id":"12","object_repr":"2020-08-07 : 50","action_flag":3,"change_message":""}},{"model":"admin.logentry","pk":71,"fields":{"action_time":"2020-09-09T17:54:42.464Z","user":1,"content_type":11,"object_id":"11","object_repr":"2020-08-06 : 40","action_flag":3,"change_message":""}},{"model":"admin.logentry","pk":72,"fields":{"action_time":"2020-09-09T17:54:42.474Z","user":1,"content_type":11,"object_id":"10","object_repr":"2020-08-05 : 30","action_flag":3,"change_message":""}},{"model":"admin.logentry","pk":73,"fields":{"action_time":"2020-09-09T17:54:42.486Z","user":1,"content_type":11,"object_id":"9","object_repr":"2020-08-04 : 20","action_flag":3,"change_message":""}},{"model":"admin.logentry","pk":74,"fields":{"action_time":"2020-09-09T17:54:42.498Z","user":1,"content_type":11,"object_id":"8","object_repr":"2020-08-03 : 10","action_flag":3,"change_message":""}},{"model":"admin.logentry","pk":75,"fields":{"action_time":"2020-09-09T17:54:42.511Z","user":1,"content_type":11,"object_id":"7","object_repr":"2020-08-03 : 3","action_flag":3,"change_message":""}},{"model":"admin.logentry","pk":76,"fields":{"action_time":"2020-09-09T17:54:42.518Z","user":1,"content_type":11,"object_id":"6","object_repr":"2020-08-02 : 1","action_flag":3,"change_message":""}},{"model":"admin.logentry","pk":77,"fields":{"action_time":"2020-09-09T20:24:35.408Z","user":1,"content_type":12,"object_id":"22","object_repr":"2020-08-09 : 1 : None","action_flag":3,"change_message":""}},{"model":"admin.logentry","pk":78,"fields":{"action_time":"2020-09-09T20:36:12.866Z","user":1,"content_type":8,"object_id":"6","object_repr":"100-1 gffdjr","action_flag":1,"change_message":"[{\"added\": {}}]"}},{"model":"admin.logentry","pk":79,"fields":{"action_time":"2020-09-09T20:36:52.666Z","user":1,"content_type":8,"object_id":"6","object_repr":"100-1 gffdjr","action_flag":3,"change_message":""}},{"model":"admin.logentry","pk":80,"fields":{"action_time":"2020-09-10T15:15:30.812Z","user":1,"content_type":11,"object_id":"45","object_repr":"2020-08-24 : 1174","action_flag":3,"change_message":""}},{"model":"admin.logentry","pk":81,"fields":{"action_time":"2020-09-10T15:18:16.890Z","user":1,"content_type":11,"object_id":"52","object_repr":"None : 18","action_flag":3,"change_message":""}},{"model":"admin.logentry","pk":82,"fields":{"action_time":"2020-09-10T15:19:31.590Z","user":1,"content_type":11,"object_id":"55","object_repr":"None : 16","action_flag":3,"change_message":""}},{"model":"admin.logentry","pk":83,"fields":{"action_time":"2020-09-10T15:58:02.521Z","user":1,"content_type":11,"object_id":"66","object_repr":"2020-08-06 : 1034","action_flag":2,"change_message":"[{\"changed\": {\"fields\": [\"Fecha\"]}}]"}},{"model":"admin.logentry","pk":84,"fields":{"action_time":"2020-09-10T16:02:42.445Z","user":1,"content_type":10,"object_id":"6","object_repr":"2020-08-31 : 1341 : 27 : 105269-1 : SALOMON HIMEDE MARTINEZ : Mes 8, Ano 2020 : 2","action_flag":2,"change_message":"[{\"changed\": {\"fields\": [\"Contribuyente\", \"Total\"]}}]"}},{"model":"admin.logentry","pk":85,"fields":{"action_time":"2020-09-10T16:07:01.731Z","user":1,"content_type":10,"object_id":"8","object_repr":"2020-08-31 : 1339 : 27 : 105269-1 : SALOMON HIMEDE MARTINEZ : Mes 8, Ano 2020 : 2","action_flag":3,"change_message":""}},{"model":"admin.logentry","pk":86,"fields":{"action_time":"2020-09-10T16:11:56.230Z","user":1,"content_type":10,"object_id":"10","object_repr":"2020-08-31 : 1338 : 27 : 105269-1 : SALOMON HIMEDE MARTINEZ : Mes 8, Ano 2020 : 2","action_flag":3,"change_message":""}},{"model":"admin.logentry","pk":87,"fields":{"action_time":"2020-09-10T16:15:17.081Z","user":1,"content_type":10,"object_id":"12","object_repr":"2020-08-29 : 1337 : 27 : 105269-1 : SALOMON HIMEDE MARTINEZ : Mes 8, Ano 2020 : 2","action_flag":2,"change_message":"[{\"changed\": {\"fields\": [\"Total\"]}}]"}},{"model":"admin.logentry","pk":88,"fields":{"action_time":"2020-09-10T17:29:31.941Z","user":1,"content_type":10,"object_id":"15","object_repr":"2020-05-21 : 1 : 27 : 105269-1 : SALOMON HIMEDE MARTINEZ : Mes 8, Ano 2020 : 2","action_flag":3,"change_message":""}},{"model":"admin.logentry","pk":89,"fields":{"action_time":"2020-09-10T20:19:57.208Z","user":1,"content_type":10,"object_id":"24","object_repr":"2020-08-25 : 1326 : 27 : 105269-1 : SALOMON HIMEDE MARTINEZ : Mes 8, Ano 2020 : 2","action_flag":2,"change_message":"[{\"changed\": {\"fields\": [\"Contribuyente\"]}}]"}},{"model":"admin.logentry","pk":90,"fields":{"action_time":"2020-09-10T20:20:31.269Z","user":1,"content_type":8,"object_id":"23","object_repr":"74929-0 OS CONSTRUCTORES SA DE CV","action_flag":3,"change_message":""}},{"model":"admin.logentry","pk":91,"fields":{"action_time":"2020-09-10T20:20:38.777Z","user":1,"content_type":8,"object_id":"22","object_repr":"74929-0 O. S. CONSTRUCTORES SA DE CV","action_flag":2,"change_message":"[{\"changed\": {\"fields\": [\"Nombre\"]}}]"}},{"model":"admin.logentry","pk":92,"fields":{"action_time":"2020-09-10T20:20:59.928Z","user":1,"content_type":8,"object_id":"18","object_repr":"10000 kujgdfjhfy","action_flag":3,"change_message":""}},{"model":"admin.logentry","pk":93,"fields":{"action_time":"2020-09-10T20:20:59.940Z","user":1,"content_type":8,"object_id":"17","object_repr":"1000 tdghxcfhyjvj","action_flag":3,"change_message":""}},{"model":"admin.logentry","pk":94,"fields":{"action_time":"2020-09-10T20:20:59.947Z","user":1,"content_type":8,"object_id":"16","object_repr":"100 KJGDFKFTG","action_flag":3,"change_message":""}},{"model":"admin.logentry","pk":95,"fields":{"action_time":"2020-09-10T20:21:09.787Z","user":1,"content_type":8,"object_id":"7","object_repr":"10-1 ASTER","action_flag":3,"change_message":""}},{"model":"admin.logentry","pk":96,"fields":{"action_time":"2020-09-10T21:27:53.882Z","user":1,"content_type":12,"object_id":"26","object_repr":"2020-08-05 : 14612 : 56427-3 COSASE SA DE CV","action_flag":2,"change_message":"[{\"changed\": {\"fields\": [\"Empresa\"]}}]"}},{"model":"admin.logentry","pk":97,"fields":{"action_time":"2020-09-10T21:49:26.606Z","user":1,"content_type":10,"object_id":"26","object_repr":"2020-08-21 : 1324 : 27 : 105269-1 : SALOMON HIMEDE MARTINEZ : Mes 8, Ano 2020 : 2","action_flag":3,"change_message":""}},{"model":"admin.logentry","pk":98,"fields":{"action_time":"2020-09-10T22:00:35.915Z","user":3,"content_type":10,"object_id":"29","object_repr":"2020-08-21 : 1324 : 27 : 105269-1 : SALOMON HIMEDE MARTINEZ : Mes 8, Ano 2020 : 2","action_flag":3,"change_message":""}},{"model":"admin.logentry","pk":99,"fields":{"action_time":"2020-09-10T22:15:52.264Z","user":1,"content_type":12,"object_id":"46","object_repr":"2020-08-12 : 75377946 : 558-4 REPUESTOS DIDEA SA DE CV","action_flag":3,"change_message":""}},{"model":"admin.logentry","pk":100,"fields":{"action_time":"2020-09-10T22:15:52.272Z","user":1,"content_type":12,"object_id":"45","object_repr":"2020-08-12 : 75377946 : 558-4 REPUESTOS DIDEA SA DE CV","action_flag":3,"change_message":""}},{"model":"admin.logentry","pk":101,"fields":{"action_time":"2020-09-10T22:21:47.566Z","user":1,"content_type":12,"object_id":"50","object_repr":"2020-08-08 : 293026 : 138261-9 DILMA EUNICE RIVERA BONILLA","action_flag":3,"change_message":""}},{"model":"admin.logentry","pk":102,"fields":{"action_time":"2020-09-10T22:21:47.581Z","user":1,"content_type":12,"object_id":"49","object_repr":"2020-08-08 : 293026 : 138261-9 DILMA EUNICE RIVERA BONILLA","action_flag":3,"change_message":""}},{"model":"admin.logentry","pk":103,"fields":{"action_time":"2020-09-11T16:46:25.112Z","user":1,"content_type":11,"object_id":"79","object_repr":"2020-01-09 : 441","action_flag":3,"change_message":""}},{"model":"admin.logentry","pk":104,"fields":{"action_time":"2020-09-11T16:55:18.707Z","user":1,"content_type":12,"object_id":"23","object_repr":"2020-02-22 : 1 : 268543-5 FLORES DE CANJURA GEORGINA ELIZABETH","action_flag":3,"change_message":""}},{"model":"admin.logentry","pk":105,"fields":{"action_time":"2020-09-11T17:21:26.575Z","user":1,"content_type":12,"object_id":"75","object_repr":"2020-01-08 : 18160 : 165925-8 ROMICAPS COLLECTION SA DE CV","action_flag":2,"change_message":"[{\"changed\": {\"fields\": [\"Fecha\"]}}]"}},{"model":"admin.logentry","pk":106,"fields":{"action_time":"2020-09-11T17:57:57.710Z","user":2,"content_type":12,"object_id":"102","object_repr":"2019-12-10 : 2326 : None","action_flag":3,"change_message":""}},{"model":"admin.logentry","pk":107,"fields":{"action_time":"2020-09-12T14:44:29.413Z","user":2,"content_type":12,"object_id":"117","object_repr":"2019-12-09 : 30772055 : 23175-4 TELEMOVIL EL SALVADOR SA DE CV","action_flag":3,"change_message":""}},{"model":"admin.logentry","pk":108,"fields":{"action_time":"2020-09-12T16:00:05.339Z","user":1,"content_type":10,"object_id":"82","object_repr":"2020-08-27 : 2 : 23 : 196836-1 : Jose Roberto Cubas Flores : Mes 1, Ano 2020 : 2","action_flag":2,"change_message":"[{\"changed\": {\"fields\": [\"Fecha\"]}}]"}},{"model":"admin.logentry","pk":109,"fields":{"action_time":"2020-09-12T16:00:17.175Z","user":1,"content_type":10,"object_id":"81","object_repr":"2020-08-13 : 1 : 23 : 196836-1 : Jose Roberto Cubas Flores : Mes 1, Ano 2020 : 2","action_flag":2,"change_message":"[{\"changed\": {\"fields\": [\"Fecha\"]}}]"}},{"model":"admin.logentry","pk":110,"fields":{"action_time":"2020-09-12T16:30:54.960Z","user":1,"content_type":12,"object_id":"165","object_repr":"2020-08-17 : 40024 : 190088-8 FERRETERIA EPA S.A. DE C.V.","action_flag":2,"change_message":"[{\"changed\": {\"fields\": [\"Empresa\", \"Compra Gravada Interna\", \"IVA Cdto Fiscal\", \"Total Compra\"]}}]"}},{"model":"admin.logentry","pk":111,"fields":{"action_time":"2020-09-12T16:42:19.758Z","user":2,"content_type":12,"object_id":"188","object_repr":"2020-08-24 : 63572 : 190088-8 FERRETERIA EPA S.A. DE C.V.","action_flag":3,"change_message":""}},{"model":"admin.logentry","pk":112,"fields":{"action_time":"2020-09-12T16:55:47.356Z","user":1,"content_type":12,"object_id":"174","object_repr":"2020-08-12 : 16102 : 190088-8 FERRETERIA EPA S.A. DE C.V.","action_flag":2,"change_message":"[{\"changed\": {\"fields\": [\"Empresa\"]}}]"}},{"model":"admin.logentry","pk":113,"fields":{"action_time":"2020-09-14T14:39:25.793Z","user":2,"content_type":12,"object_id":"198","object_repr":"2019-12-13 : 1725 : 252503-1 TODOTRANFER SA DE CV","action_flag":3,"change_message":""}},{"model":"admin.logentry","pk":114,"fields":{"action_time":"2020-09-14T16:13:37.635Z","user":2,"content_type":12,"object_id":"206","object_repr":"2019-12-19 : 27 : None","action_flag":3,"change_message":""}},{"model":"admin.logentry","pk":115,"fields":{"action_time":"2020-09-14T16:37:33.214Z","user":3,"content_type":12,"object_id":"213","object_repr":"2019-12-21 : 188 : 4114-9 Orlando González Orellana","action_flag":3,"change_message":""}},{"model":"admin.logentry","pk":116,"fields":{"action_time":"2020-09-14T16:37:33.220Z","user":3,"content_type":12,"object_id":"212","object_repr":"2019-12-17 : 2625 : 241605-5 AMPERSAND SA DE CV","action_flag":3,"change_message":""}},{"model":"auth.permission","pk":1,"fields":{"name":"Can add log entry","content_type":1,"codename":"add_logentry"}},{"model":"auth.permission","pk":2,"fields":{"name":"Can change log entry","content_type":1,"codename":"change_logentry"}},{"model":"auth.permission","pk":3,"fields":{"name":"Can delete log entry","content_type":1,"codename":"delete_logentry"}},{"model":"auth.permission","pk":4,"fields":{"name":"Can view log entry","content_type":1,"codename":"view_logentry"}},{"model":"auth.permission","pk":5,"fields":{"name":"Can add permission","content_type":2,"codename":"add_permission"}},{"model":"auth.permission","pk":6,"fields":{"name":"Can change permission","content_type":2,"codename":"change_permission"}},{"model":"auth.permission","pk":7,"fields":{"name":"Can delete permission","content_type":2,"codename":"delete_permission"}},{"model":"auth.permission","pk":8,"fields":{"name":"Can view permission","content_type":2,"codename":"view_permission"}},{"model":"auth.permission","pk":9,"fields":{"name":"Can add group","content_type":3,"codename":"add_group"}},{"model":"auth.permission","pk":10,"fields":{"name":"Can change group","content_type":3,"codename":"change_group"}},{"model":"auth.permission","pk":11,"fields":{"name":"Can delete group","content_type":3,"codename":"delete_group"}},{"model":"auth.permission","pk":12,"fields":{"name":"Can view group","content_type":3,"codename":"view_group"}},{"model":"auth.permission","pk":13,"fields":{"name":"Can add user","content_type":4,"codename":"add_user"}},{"model":"auth.permission","pk":14,"fields":{"name":"Can change user","content_type":4,"codename":"change_user"}},{"model":"auth.permission","pk":15,"fields":{"name":"Can delete user","content_type":4,"codename":"delete_user"}},{"model":"auth.permission","pk":16,"fields":{"name":"Can view user","content_type":4,"codename":"view_user"}},{"model":"auth.permission","pk":17,"fields":{"name":"Can add content type","content_type":5,"codename":"add_contenttype"}},{"model":"auth.permission","pk":18,"fields":{"name":"Can change content type","content_type":5,"codename":"change_contenttype"}},{"model":"auth.permission","pk":19,"fields":{"name":"Can delete content type","content_type":5,"codename":"delete_contenttype"}},{"model":"auth.permission","pk":20,"fields":{"name":"Can view content type","content_type":5,"codename":"view_contenttype"}},{"model":"auth.permission","pk":21,"fields":{"name":"Can add session","content_type":6,"codename":"add_session"}},{"model":"auth.permission","pk":22,"fields":{"name":"Can change session","content_type":6,"codename":"change_session"}},{"model":"auth.permission","pk":23,"fields":{"name":"Can delete session","content_type":6,"codename":"delete_session"}},{"model":"auth.permission","pk":24,"fields":{"name":"Can view session","content_type":6,"codename":"view_session"}},{"model":"auth.permission","pk":25,"fields":{"name":"Can add cliente","content_type":7,"codename":"add_cliente"}},{"model":"auth.permission","pk":26,"fields":{"name":"Can change cliente","content_type":7,"codename":"change_cliente"}},{"model":"auth.permission","pk":27,"fields":{"name":"Can delete cliente","content_type":7,"codename":"delete_cliente"}},{"model":"auth.permission","pk":28,"fields":{"name":"Can view cliente","content_type":7,"codename":"view_cliente"}},{"model":"auth.permission","pk":29,"fields":{"name":"Can add empresa","content_type":8,"codename":"add_empresa"}},{"model":"auth.permission","pk":30,"fields":{"name":"Can change empresa","content_type":8,"codename":"change_empresa"}},{"model":"auth.permission","pk":31,"fields":{"name":"Can delete empresa","content_type":8,"codename":"delete_empresa"}},{"model":"auth.permission","pk":32,"fields":{"name":"Can view empresa","content_type":8,"codename":"view_empresa"}},{"model":"auth.permission","pk":33,"fields":{"name":"Can add libro","content_type":9,"codename":"add_libro"}},{"model":"auth.permission","pk":34,"fields":{"name":"Can change libro","content_type":9,"codename":"change_libro"}},{"model":"auth.permission","pk":35,"fields":{"name":"Can delete libro","content_type":9,"codename":"delete_libro"}},{"model":"auth.permission","pk":36,"fields":{"name":"Can view libro","content_type":9,"codename":"view_libro"}},{"model":"auth.permission","pk":37,"fields":{"name":"Can add factura contribuyente","content_type":10,"codename":"add_facturacontribuyente"}},{"model":"auth.permission","pk":38,"fields":{"name":"Can change factura contribuyente","content_type":10,"codename":"change_facturacontribuyente"}},{"model":"auth.permission","pk":39,"fields":{"name":"Can delete factura contribuyente","content_type":10,"codename":"delete_facturacontribuyente"}},{"model":"auth.permission","pk":40,"fields":{"name":"Can view factura contribuyente","content_type":10,"codename":"view_facturacontribuyente"}},{"model":"auth.permission","pk":41,"fields":{"name":"Can add factura consumidor final","content_type":11,"codename":"add_facturaconsumidorfinal"}},{"model":"auth.permission","pk":42,"fields":{"name":"Can change factura consumidor final","content_type":11,"codename":"change_facturaconsumidorfinal"}},{"model":"auth.permission","pk":43,"fields":{"name":"Can delete factura consumidor final","content_type":11,"codename":"delete_facturaconsumidorfinal"}},{"model":"auth.permission","pk":44,"fields":{"name":"Can view factura consumidor final","content_type":11,"codename":"view_facturaconsumidorfinal"}},{"model":"auth.permission","pk":45,"fields":{"name":"Can add factura compras","content_type":12,"codename":"add_facturacompras"}},{"model":"auth.permission","pk":46,"fields":{"name":"Can change factura compras","content_type":12,"codename":"change_facturacompras"}},{"model":"auth.permission","pk":47,"fields":{"name":"Can delete factura compras","content_type":12,"codename":"delete_facturacompras"}},{"model":"auth.permission","pk":48,"fields":{"name":"Can view factura compras","content_type":12,"codename":"view_facturacompras"}},{"model":"auth.permission","pk":49,"fields":{"name":"Can add TotalCF","content_type":13,"codename":"add_totalcf"}},{"model":"auth.permission","pk":50,"fields":{"name":"Can change TotalCF","content_type":13,"codename":"change_totalcf"}},{"model":"auth.permission","pk":51,"fields":{"name":"Can delete TotalCF","content_type":13,"codename":"delete_totalcf"}},{"model":"auth.permission","pk":52,"fields":{"name":"Can view TotalCF","content_type":13,"codename":"view_totalcf"}},{"model":"auth.permission","pk":53,"fields":{"name":"Can add LibroExportado","content_type":14,"codename":"add_libroexportado"}},{"model":"auth.permission","pk":54,"fields":{"name":"Can change LibroExportado","content_type":14,"codename":"change_libroexportado"}},{"model":"auth.permission","pk":55,"fields":{"name":"Can delete LibroExportado","content_type":14,"codename":"delete_libroexportado"}},{"model":"auth.permission","pk":56,"fields":{"name":"Can view LibroExportado","content_type":14,"codename":"view_libroexportado"}},{"model":"auth.group","pk":1,"fields":{"name":"staff","permissions":[25,26,27,28,29,30,31,32,45,46,47,48,41,42,43,44,37,38,39,40,33,34,35,36]}},{"model":"auth.user","pk":1,"fields":{"password":"pbkdf2_sha256$216000$ZUVPJeSJRzRW$p6jOF5nxypbKIz6eQvjIw8qVkgrDIWe1ptII2OPt1XA=","last_login":"2020-09-07T20:38:17.576Z","is_superuser":true,"username":"user","first_name":"","last_name":"","email":"","is_staff":true,"is_active":true,"date_joined":"2020-08-27T21:51:17.281Z","groups":[],"user_permissions":[]}},{"model":"auth.user","pk":2,"fields":{"password":"pbkdf2_sha256$216000$8ncmNHj43njQ$gWtw5+vpr4K76Ydof8HQfckN54/kPIwgrunr4LiTqIc=","last_login":"2020-09-09T17:39:46.544Z","is_superuser":false,"username":"adolfo.flores","first_name":"Adolfo","last_name":"Flores","email":"","is_staff":true,"is_active":true,"date_joined":"2020-08-31T16:24:37Z","groups":[],"user_permissions":[25,26,27,28,29,30,31,32,45,46,47,48,41,42,43,44,37,38,39,40,33,34,35,36,1,2,3,4,9,10,11,12,5,6,7,8,13,14,15,16,17,18,19,20,21,22,23,24]}},{"model":"auth.user","pk":3,"fields":{"password":"pbkdf2_sha256$216000$dtPGhn7PfmT8$Fln96IuXU8ZqcDlHPWAE59LzaE+XNmM88e9RVKzSukQ=","last_login":"2020-08-31T18:05:25.573Z","is_superuser":false,"username":"raul.villegas","first_name":"Raul","last_name":"Villegas","email":"","is_staff":true,"is_active":true,"date_joined":"2020-08-31T16:25:29Z","groups":[1],"user_permissions":[]}},{"model":"auth.user","pk":4,"fields":{"password":"pbkdf2_sha256$216000$uDyRb14GJMi4$ePrdIv4oq7kg/FWWiLuhvlTWemEZznkSm5T/FBKpu+U=","last_login":null,"is_superuser":false,"username":"edwin.vasquez","first_name":"Edwin","last_name":"Vasquez","email":"","is_staff":true,"is_active":true,"date_joined":"2020-08-31T16:27:53Z","groups":[1],"user_permissions":[]}},{"model":"contenttypes.contenttype","pk":1,"fields":{"app_label":"admin","model":"logentry"}},{"model":"contenttypes.contenttype","pk":2,"fields":{"app_label":"auth","model":"permission"}},{"model":"contenttypes.contenttype","pk":3,"fields":{"app_label":"auth","model":"group"}},{"model":"contenttypes.contenttype","pk":4,"fields":{"app_label":"auth","model":"user"}},{"model":"contenttypes.contenttype","pk":5,"fields":{"app_label":"contenttypes","model":"contenttype"}},{"model":"contenttypes.contenttype","pk":6,"fields":{"app_label":"sessions","model":"session"}},{"model":"contenttypes.contenttype","pk":7,"fields":{"app_label":"controliva","model":"cliente"}},{"model":"contenttypes.contenttype","pk":8,"fields":{"app_label":"controliva","model":"empresa"}},{"model":"contenttypes.contenttype","pk":9,"fields":{"app_label":"controliva","model":"libro"}},{"model":"contenttypes.contenttype","pk":10,"fields":{"app_label":"controliva","model":"facturacontribuyente"}},{"model":"contenttypes.contenttype","pk":11,"fields":{"app_label":"controliva","model":"facturaconsumidorfinal"}},{"model":"contenttypes.contenttype","pk":12,"fields":{"app_label":"controliva","model":"facturacompras"}},{"model":"contenttypes.contenttype","pk":13,"fields":{"app_label":"controliva","model":"totalcf"}},{"model":"contenttypes.contenttype","pk":14,"fields":{"app_label":"controliva","model":"libroexportado"}},{"model":"sessions.session","pk":"21orm7xgisx60bwu4l0kljaisi3ug84p","fields":{"session_data":".eJxVjMsOwiAQRf-FtSHTAQRcuu83kJkBpGrapI-V8d-1SRe6veec-1KJtrWlbSlzGrK6KFSn341JHmXcQb7TeJu0TOM6D6x3RR900f2Uy_N6uH8HjZb2rYFBumiqMWgJMNrquiCuIoSK4thiF4DMmThCiMF7kFyBWcQVAo_q_QG_nTdX:1kG44Q:9RqYEZ19Yp-pOqd2E7zQMtTkLOVF6EUudWZiON3s3Pg","expire_date":"2020-09-23T17:39:46.557Z"}},{"model":"sessions.session","pk":"3rm5hmyzj3ynu16nvp95ujrbqlnah2bj","fields":{"session_data":".eJxVjEEOwiAQRe_C2hCgI1Ncuu8ZyMCAVA0kpV0Z765NutDtf-_9l_C0rcVvPS1-ZnERWpx-t0DxkeoO-E711mRsdV3mIHdFHrTLqXF6Xg_376BQL9_aZoMJXEYEBaCBBqUHYgSKyemURzqbrKMyYJRji-SCQ2QYbcwYohXvD8mnN38:1kCoIm:RJjtlP7fcL4puvD3T3AmpM4DvDqN2c2MQ-wYF8NRQ0U","expire_date":"2020-09-14T18:13:08.739Z"}},{"model":"sessions.session","pk":"5nbexgd95go4dy0bux5yob7y55m26cng","fields":{"session_data":".eJxVjDsOwjAQBe_iGln-xM6akj5niHbXaxJAiRQnFeLuyFIKaN_MvLca8din8aiyjXNWV-XV5Xcj5KcsDeQHLvdV87rs20y6KfqkVQ9rltftdP8OJqxTq9E56LEvaKOH0FHhJM50BpijsyEmW8CQjcYLIEHMThKnyBQ8SbHq8wXZQDfV:1kCmwg:vtEK7iHSTiN7vzN7TIeFuJeYray3cHvhJ0Bvrelc630","expire_date":"2020-09-14T16:46:14.481Z"}},{"model":"sessions.session","pk":"acm5jrzsgl5lgoajdwqsswge1x0o316a","fields":{"session_data":".eJxVjEEOwiAQRe_C2hCgI1Ncuu8ZyMCAVA0kpV0Z765NutDtf-_9l_C0rcVvPS1-ZnERWpx-t0DxkeoO-E711mRsdV3mIHdFHrTLqXF6Xg_376BQL9_aZoMJXEYEBaCBBqUHYgSKyemURzqbrKMyYJRji-SCQ2QYbcwYohXvD8mnN38:1kFNu5:qRTfulyVqd8la0U272MFol8uqDsao1YUe89e_ilwxYs","expire_date":"2020-09-21T20:38:17.585Z"}},{"model":"sessions.session","pk":"b5r6ly7m48sd3mx3trxhlkjymgslnv2w","fields":{"session_data":".eJxVjDsOwjAQBe_iGln-xM6akj5niHbXaxJAiRQnFeLuyFIKaN_MvLca8din8aiyjXNWV-XV5Xcj5KcsDeQHLvdV87rs20y6KfqkVQ9rltftdP8OJqxTq9E56LEvaKOH0FHhJM50BpijsyEmW8CQjcYLIEHMThKnyBQ8SbHq8wXZQDfV:1kCoBJ:nEYxOPeZCOuVCEVokG_CgvZhc9_iKk94Gr8SR20ItW0","expire_date":"2020-09-14T18:05:25.592Z"}},{"model":"controliva.cliente","pk":14,"fields":{"nRegistro":"4114-9","nombre":"ORLANDO GONZALEZ","razonSocial":"","nit":"0614-211246-001-0","actEcon1":"CONTABILIDAD","actEcon2":"","actEcon3":"","telefono":"22483607","direccion":""}},{"model":"controliva.cliente","pk":15,"fields":{"nRegistro":"196836-1","nombre":"Jose Roberto Cubas Flores","razonSocial":null,"nit":"0614-160978-102-0","actEcon1":"venta de otros productos no clasificados previamente","actEcon2":"otras actividades de servicios  no clasificados previamente","actEcon3":null,"telefono":"2516-9444","direccion":"C.C. Plaza Bernal, Av. Bernal, Urb. Villas de Miramonte, 2do nivel, Local #24, San Salvador, El Salvador, C.A."}},{"model":"controliva.cliente","pk":16,"fields":{"nRegistro":"53378-5","nombre":"CARLOS ARTURO ZALDAÑA RAMIREZ","razonSocial":"","nit":"0614-070255-004-0","actEcon1":"CULTIVO DE CAÑA","actEcon2":"","actEcon3":"","telefono":"","direccion":""}},{"model":"controliva.cliente","pk":17,"fields":{"nRegistro":"105269-1","nombre":"SALOMON HIMEDE MARTINEZ","razonSocial":"ESTACION DE SERVICIO UNO EL CUCO","nit":"1108-300450-001-7","actEcon1":"GASOLINERA","actEcon2":"","actEcon3":"","telefono":"2619-9257","direccion":"CANTON EL CUCO A 100 MTS ANTES DE LLAGAR A LA BOCANA CHIRILAGUA SAN MIGUEL"}},{"model":"controliva.cliente","pk":18,"fields":{"nRegistro":"4252-8","nombre":"SERVICIOS E INMUEBLES SA DE CV","razonSocial":"SERVICIOS E INMUEBLES","nit":"0614-010778-001-1","actEcon1":"VENTA DE BIENES INMUEBLES Y CONSTRUCCION","actEcon2":"","actEcon3":"","telefono":"2226-0881","direccion":"BARRIO EL CENTRO, SAN JUAN TALPA LA LIBERTAD"}},{"model":"controliva.cliente","pk":19,"fields":{"nRegistro":"101430-7","nombre":"MARTINEZ DE HERNANDEZ, MAXIMILIANA ESI","razonSocial":"","nit":"0614-281163-014-6","actEcon1":"TRASPORTE NACIONAL DE CARGA","actEcon2":"","actEcon3":"","telefono":"","direccion":""}},{"model":"controliva.cliente","pk":20,"fields":{"nRegistro":"236933-9","nombre":"SPACECIRCUS SA DE CV","razonSocial":"SPACECIRCUS","nit":"0614-111114-103-1","actEcon1":"ESTUDIO DE ANIMACION","actEcon2":"","actEcon3":"","telefono":"7701-5054","direccion":"CALLE LOMA LINDA # 152"}},{"model":"controliva.libro","pk":18,"fields":{"fecha":"2020-08-31","mes":8,"ano":2020,"tipo":1,"cliente":14}},{"model":"controliva.libro","pk":19,"fields":{"fecha":"2020-08-31","mes":8,"ano":2020,"tipo":2,"cliente":14}},{"model":"controliva.libro","pk":20,"fields":{"fecha":"2020-08-31","mes":8,"ano":2020,"tipo":3,"cliente":14}},{"model":"controliva.libro","pk":21,"fields":{"fecha":"2020-09-09","mes":1,"ano":2020,"tipo":1,"cliente":15}},{"model":"controliva.libro","pk":22,"fields":{"fecha":"2020-09-09","mes":8,"ano":2020,"tipo":3,"cliente":16}},{"model":"controliva.libro","pk":23,"fields":{"fecha":"2020-09-09","mes":1,"ano":2020,"tipo":2,"cliente":15}},{"model":"controliva.libro","pk":24,"fields":{"fecha":"2020-09-09","mes":1,"ano":2020,"tipo":3,"cliente":15}},{"model":"controliva.libro","pk":25,"fields":{"fecha":"2020-09-09","mes":1,"ano":2020,"tipo":2,"cliente":16}},{"model":"controliva.libro","pk":26,"fields":{"fecha":"2020-09-10","mes":1,"ano":2020,"tipo":1,"cliente":16}},{"model":"controliva.libro","pk":27,"fields":{"fecha":"2020-09-10","mes":8,"ano":2020,"tipo":2,"cliente":17}},{"model":"controliva.libro","pk":28,"fields":{"fecha":"2020-09-10","mes":8,"ano":2020,"tipo":1,"cliente":17}},{"model":"controliva.libro","pk":29,"fields":{"fecha":"2020-09-10","mes":8,"ano":2020,"tipo":1,"cliente":18}},{"model":"controliva.libro","pk":30,"fields":{"fecha":"2020-09-10","mes":8,"ano":2020,"tipo":3,"cliente":18}},{"model":"controliva.libro","pk":31,"fields":{"fecha":"2020-09-10","mes":8,"ano":2020,"tipo":3,"cliente":17}},{"model":"controliva.libro","pk":32,"fields":{"fecha":"2020-09-11","mes":12,"ano":2019,"tipo":3,"cliente":15}},{"model":"controliva.libro","pk":33,"fields":{"fecha":"2020-09-12","mes":8,"ano":2020,"tipo":3,"cliente":19}},{"model":"controliva.libro","pk":34,"fields":{"fecha":"2020-09-12","mes":8,"ano":2020,"tipo":2,"cliente":16}},{"model":"controliva.libro","pk":35,"fields":{"fecha":"2020-09-12","mes":8,"ano":2020,"tipo":1,"cliente":19}},{"model":"controliva.libro","pk":36,"fields":{"fecha":"2020-09-14","mes":12,"ano":2019,"tipo":2,"cliente":15}},{"model":"controliva.libro","pk":37,"fields":{"fecha":"2020-09-14","mes":12,"ano":2019,"tipo":1,"cliente":15}},{"model":"controliva.libro","pk":38,"fields":{"fecha":"2020-09-14","mes":4,"ano":2019,"tipo":2,"cliente":20}},{"model":"controliva.libro","pk":39,"fields":{"fecha":"2020-09-14","mes":6,"ano":2019,"tipo":2,"cliente":20}},{"model":"controliva.libro","pk":40,"fields":{"fecha":"2020-09-14","mes":7,"ano":2019,"tipo":2,"cliente":20}},{"model":"controliva.libro","pk":41,"fields":{"fecha":"2020-09-14","mes":8,"ano":2019,"tipo":2,"cliente":20}},{"model":"controliva.libro","pk":42,"fields":{"fecha":"2020-09-14","mes":9,"ano":2019,"tipo":2,"cliente":20}},{"model":"controliva.libro","pk":43,"fields":{"fecha":"2020-09-14","mes":12,"ano":2019,"tipo":2,"cliente":20}},{"model":"controliva.libro","pk":44,"fields":{"fecha":"2020-09-14","mes":12,"ano":2019,"tipo":3,"cliente":20}},{"model":"controliva.libro","pk":45,"fields":{"fecha":"2020-09-14","mes":10,"ano":2019,"tipo":2,"cliente":20}},{"model":"controliva.empresa","pk":4,"fields":{"nRegistro":"4114-9","nombre":"Orlando González Orellana","nit":"0614-211246-001-0"}},{"model":"controliva.empresa","pk":5,"fields":{"nRegistro":"268543-5","nombre":"FLORES DE CANJURA GEORGINA ELIZABETH","nit":"0614-231273-112-7"}},{"model":"controliva.empresa","pk":8,"fields":{"nRegistro":"221681-1","nombre":"TRANSITO DE JESUS JURADO","nit":null}},{"model":"controliva.empresa","pk":9,"fields":{"nRegistro":"152120-2","nombre":"INVERSIONES DOSVF SA DE CV","nit":null}},{"model":"controliva.empresa","pk":11,"fields":{"nRegistro":"283191-3","nombre":"YOMIRA YANETH MORAN SANDOVAL","nit":null}},{"model":"controliva.empresa","pk":12,"fields":{"nRegistro":"55225-9","nombre":"CARLOS ERNESTO REYES","nit":null}},{"model":"controliva.empresa","pk":13,"fields":{"nRegistro":"193912-8","nombre":"INVERSIONES MENDEZ SA DE CV","nit":null}},{"model":"controliva.empresa","pk":14,"fields":{"nRegistro":"159490-2","nombre":"EPIC SURF SA DE CV","nit":null}},{"model":"controliva.empresa","pk":15,"fields":{"nRegistro":"216692-1","nombre":"AMADEO MEDRANO ESCOBAR","nit":null}},{"model":"controliva.empresa","pk":19,"fields":{"nRegistro":"244132-0","nombre":"JOSE CANDELARIO HERRERA MOLINA","nit":null}},{"model":"controliva.empresa","pk":20,"fields":{"nRegistro":"288382-7","nombre":"ELSA MARIA HERNANDEZ DE SEGOVIA","nit":null}},{"model":"controliva.empresa","pk":21,"fields":{"nRegistro":"2124-5","nombre":"TOMZA GAS DE EL SALVADOR SA DE CV","nit":null}},{"model":"controliva.empresa","pk":22,"fields":{"nRegistro":"74929-0","nombre":"O. S. CONSTRUCTORES SA DE CV","nit":null}},{"model":"controliva.empresa","pk":24,"fields":{"nRegistro":"0-0","nombre":"ANULADO","nit":null}},{"model":"controliva.empresa","pk":25,"fields":{"nRegistro":"56427-3","nombre":"COSASE SA DE CV","nit":"0614-010791-103-9"}},{"model":"controliva.empresa","pk":26,"fields":{"nRegistro":"41-8","nombre":"FREUND SA DECV","nit":"0614-010858-001-7"}},{"model":"controliva.empresa","pk":27,"fields":{"nRegistro":"23175-4","nombre":"TELEMOVIL EL SALVADOR SA DE CV","nit":"0614-230391-101-5"}},{"model":"controliva.empresa","pk":28,"fields":{"nRegistro":"264267-2","nombre":"IRIS YOLANDA ALFARO DE GONZALEZ","nit":"0614-091247-005-9"}},{"model":"controliva.empresa","pk":29,"fields":{"nRegistro":"213-5","nombre":"SISA","nit":"0614-120262-001-4"}},{"model":"controliva.empresa","pk":30,"fields":{"nRegistro":"125639-2","nombre":"RAMIREZ VENTURA SA DE CV","nit":"0614-190900-103-4"}},{"model":"controliva.empresa","pk":31,"fields":{"nRegistro":"151256-8","nombre":"COMLUB SA DE CV","nit":"0614-160903-101-2"}},{"model":"controliva.empresa","pk":32,"fields":{"nRegistro":"236369-5","nombre":"ACTIVIDADES PETROLERAS DE EL SALVADOR SA DE CV","nit":"0614-241014-101-0"}},{"model":"controliva.empresa","pk":33,"fields":{"nRegistro":"2-7","nombre":"ALMACENES VIDRI SA DE CV","nit":"0210-191171-001-6"}},{"model":"controliva.empresa","pk":34,"fields":{"nRegistro":"125262-2","nombre":"MOPTVDU","nit":"0614-170800-105-2"}},{"model":"controliva.empresa","pk":35,"fields":{"nRegistro":"558-4","nombre":"REPUESTOS DIDEA SA DE CV","nit":"0614-310762-001-6"}},{"model":"controliva.empresa","pk":36,"fields":{"nRegistro":"210464-5","nombre":"GRUPO ROPACA, S.A. DE C.V.","nit":null}},{"model":"controliva.empresa","pk":37,"fields":{"nRegistro":"139108-2","nombre":"ASOCIACION DE DESARROLLO COMUNITARIO EL CUCO","nit":"1216-020899-101-7"}},{"model":"controliva.empresa","pk":38,"fields":{"nRegistro":"90597-6","nombre":"EMPRESA ELECTRICA DE ORIENTE","nit":"0614-161195-103-0"}},{"model":"controliva.empresa","pk":39,"fields":{"nRegistro":"194728-7","nombre":"LA TORTUGA VERDE, S.A. DE C.V.","nit":null}},{"model":"controliva.empresa","pk":40,"fields":{"nRegistro":"285641-0","nombre":"FELICITO MARADIAGA CHAVARRIA","nit":null}},{"model":"controliva.empresa","pk":41,"fields":{"nRegistro":"138261-9","nombre":"DILMA EUNICE RIVERA BONILLA","nit":"1217-160973-102-2"}},{"model":"controliva.empresa","pk":42,"fields":{"nRegistro":"248929-2","nombre":"ECSA OPERADORA EL SALVADOR SA DE CV","nit":"0614-140316-103-3"}},{"model":"controliva.empresa","pk":43,"fields":{"nRegistro":"99993-8","nombre":"MAGNUM SECURITY AND RESEARCH, S.A. DE C.V.","nit":null}},{"model":"controliva.empresa","pk":44,"fields":{"nRegistro":"620-3","nombre":"INDUPAL SA DE CV","nit":"0614-010184-002-2"}},{"model":"controliva.empresa","pk":45,"fields":{"nRegistro":"97895-7","nombre":"COMPAÑIA DE TELECOMUNICACIONES DE EL SALVADOR SA DE CV","nit":"0614-210297-104-4"}},{"model":"controliva.empresa","pk":46,"fields":{"nRegistro":"216413-7","nombre":"LUISSA","nit":"0614-180212-103-7"}},{"model":"controliva.empresa","pk":47,"fields":{"nRegistro":"80-9","nombre":"UNO EL SALVADOR SA","nit":"0614-040460-001-5"}},{"model":"controliva.empresa","pk":48,"fields":{"nRegistro":"211681-1","nombre":"TRANSITO DE JESUS JURADO","nit":null}},{"model":"controliva.empresa","pk":49,"fields":{"nRegistro":"268734-4","nombre":"MANUEL ANTONIO ROMERO ZULETA","nit":null}},{"model":"controliva.empresa","pk":50,"fields":{"nRegistro":"2386-8","nombre":"EMBOTELLADORA ELECTROPURA, S.A. DE C.V.","nit":null}},{"model":"controliva.empresa","pk":51,"fields":{"nRegistro":"83647-8","nombre":"HERNANDEZ EXPRES","nit":null}},{"model":"controliva.empresa","pk":52,"fields":{"nRegistro":"221727-6","nombre":"ORU SA DE CV","nit":null}},{"model":"controliva.empresa","pk":53,"fields":{"nRegistro":"138401-0","nombre":"INVERISIONES EL CARACOL SA DE CV","nit":null}},{"model":"controliva.empresa","pk":54,"fields":{"nRegistro":"134801-0","nombre":"INVERSIONES EL CARACOL SA DE CV","nit":null}},{"model":"controliva.empresa","pk":55,"fields":{"nRegistro":"270899-4","nombre":"SERVICIOS MULTIPLES ORIENTALES SA DE CV","nit":null}},{"model":"controliva.empresa","pk":56,"fields":{"nRegistro":"258356-7","nombre":"VENTUS SA DE CV","nit":"0614-020217-107-7"}},{"model":"controliva.empresa","pk":57,"fields":{"nRegistro":"207996-3","nombre":"MERCADOS ARTESANALES SA DE CV","nit":"0614-080311-104-7"}},{"model":"controliva.empresa","pk":58,"fields":{"nRegistro":"165925-8","nombre":"ROMICAPS COLLECTION SA DE CV","nit":"0614-030505-103-7"}},{"model":"controliva.empresa","pk":59,"fields":{"nRegistro":"200-3","nombre":"COPLASA","nit":"0614-110478-002-3"}},{"model":"controliva.empresa","pk":60,"fields":{"nRegistro":"201297-6","nombre":"JUAN CARLOS MENJIVAR DIAZ","nit":"0614-180288-120-1"}},{"model":"controliva.empresa","pk":61,"fields":{"nRegistro":"408-1","nombre":"ALPINA SA DE CV","nit":"0614-230277-001-0"}},{"model":"controliva.empresa","pk":62,"fields":{"nRegistro":"96372-0","nombre":"EDWARD LEONIDAS GUTIERREZ PORTILLO","nit":"0614-250573-109-4"}},{"model":"controliva.empresa","pk":63,"fields":{"nRegistro":"6897-7","nombre":"SEGUROS DEL PACIFICO SA","nit":"0614-290385-001-1"}},{"model":"controliva.empresa","pk":64,"fields":{"nRegistro":"275-5","nombre":"SUPER REPUESTOS SA DE CV","nit":"0614-151172-002-7"}},{"model":"controliva.empresa","pk":65,"fields":{"nRegistro":"124829-2","nombre":"UNICOMER","nit":"0614-110800-103-2"}},{"model":"controliva.empresa","pk":66,"fields":{"nRegistro":"117537-6","nombre":"DLC SA DE CV","nit":"0614-161299-101-9"}},{"model":"controliva.empresa","pk":67,"fields":{"nRegistro":"112491-9","nombre":"JOSE DOÑAN","nit":"0614-310163-005-0"}},{"model":"controliva.empresa","pk":68,"fields":{"nRegistro":"120489-3","nombre":"CARLOS DENIS RAMIREZ VENTURA","nit":"1407-050365-001-8"}},{"model":"controliva.empresa","pk":69,"fields":{"nRegistro":"145-7","nombre":"VIDUC SA DE CV","nit":"0614-080645-001-2"}},{"model":"controliva.empresa","pk":70,"fields":{"nRegistro":"27025-3","nombre":"EDITORIAL ALTAMIRANO MADRIZ","nit":"0614-231157-001-0"}},{"model":"controliva.empresa","pk":71,"fields":{"nRegistro":"111612-6","nombre":"ROCELI CONSULTORES SA DE CV","nit":"0614-030795-105-1"}},{"model":"controliva.empresa","pk":72,"fields":{"nRegistro":"187476-7","nombre":"JEY LI PAI","nit":"9899-181277-101-8"}},{"model":"controliva.empresa","pk":73,"fields":{"nRegistro":"215499-8","nombre":"BOMBOM SA DE CV","nit":"0614-240212-103-4"}},{"model":"controliva.empresa","pk":74,"fields":{"nRegistro":"138949-6","nombre":"SALVADOR ANTONIO DURAN ESCOBAR","nit":"0614-230577-117-2"}},{"model":"controliva.empresa","pk":75,"fields":{"nRegistro":"111410-7","nombre":"JOSE LUIS VILLALTA CARCAMO","nit":"0821-050766-002-6"}},{"model":"controliva.empresa","pk":76,"fields":{"nRegistro":"164929-0","nombre":"AMERICAN IMPORTS SA DE CV","nit":"0614-120405-104-0"}},{"model":"controliva.empresa","pk":77,"fields":{"nRegistro":"279-8","nombre":"LA CASA DEL SOLDADOR SA DE CV","nit":"0614-160180-001-2"}},{"model":"controliva.empresa","pk":78,"fields":{"nRegistro":"226898-2","nombre":"MOTORES Y VEHICULOS SA DE CV","nit":"0614-120813-102-2"}},{"model":"controliva.empresa","pk":79,"fields":{"nRegistro":"193102-9","nombre":"INVERSIONES RAMIREZ QUINTANILLA, S.A. DE C.V.","nit":"0614-260407-106-3"}},{"model":"controliva.empresa","pk":80,"fields":{"nRegistro":"142201-0","nombre":"MARIO ALBERTO MIRANDA FONSECA","nit":"0614-020767-004-5"}},{"model":"controliva.empresa","pk":81,"fields":{"nRegistro":"190088-8","nombre":"FERRETERIA EPA S.A. DE C.V.","nit":"0614-021008-105-2"}},{"model":"controliva.empresa","pk":82,"fields":{"nRegistro":"30668-1","nombre":"TRANSPORTE PESADOS SA DE CV","nit":"0614-100890-102-8"}},{"model":"controliva.empresa","pk":83,"fields":{"nRegistro":"22848-6","nombre":"TRANSPORT SA DE CV","nit":"0614-131088-101-0"}},{"model":"controliva.empresa","pk":84,"fields":{"nRegistro":"252503-1","nombre":"TODOTRANFER SA DE CV","nit":"0614-120716-111-4"}},{"model":"controliva.empresa","pk":85,"fields":{"nRegistro":"145152-7","nombre":"MARIO ERNESTO MENDOZA MOLINA","nit":"0612-020675-102-6"}},{"model":"controliva.empresa","pk":86,"fields":{"nRegistro":"237845-5","nombre":"MELVIN ISAAC CORNEJO MARTINEZ","nit":"1002-160888-101-3"}},{"model":"controliva.empresa","pk":87,"fields":{"nRegistro":"270247-0","nombre":"AUDIO MALDITO SA DE CV","nit":"0614-050418-108-8"}},{"model":"controliva.empresa","pk":88,"fields":{"nRegistro":"88004-3","nombre":"COMUNICACION CREATIVA SA DE CV","nit":"0614-070995-104-0"}},{"model":"controliva.empresa","pk":89,"fields":{"nRegistro":"019603-5","nombre":"ICON CREATIVOS SA DE CV","nit":"0614-270709-105-4"}},{"model":"controliva.empresa","pk":90,"fields":{"nRegistro":"241605-5","nombre":"AMPERSAND SA DE CV","nit":"0614-120615-103-4"}},{"model":"controliva.empresa","pk":91,"fields":{"nRegistro":"44-2","nombre":"PUBLICIDAD COMERCIAL SA DE CV","nit":"0614-010959-002-0"}},{"model":"controliva.empresa","pk":92,"fields":{"nRegistro":"301-8","nombre":"ALMACENES SIMAN SA DE CV","nit":"0614-170266-001-3"}},{"model":"controliva.empresa","pk":93,"fields":{"nRegistro":"550-9","nombre":"AEROMAN","nit":"0614-300983-001-6"}},{"model":"controliva.empresa","pk":94,"fields":{"nRegistro":"190169-8","nombre":"RIVERA  Y  RIVERA SA DE CV","nit":"0614-290908-103-4"}},{"model":"controliva.empresa","pk":95,"fields":{"nRegistro":"225052-6","nombre":"CENTRO DE GRAVACIONES PROFESIONALES SA DE CV","nit":"0614-290513-101-0"}},{"model":"controliva.empresa","pk":96,"fields":{"nRegistro":"270247-2","nombre":"AUDIO MALDITO SA DE CV","nit":"0614-050418-108-0"}},{"model":"controliva.empresa","pk":97,"fields":{"nRegistro":"256433-2","nombre":"UNIY RENTALS SA DE CV","nit":"0614-120117-102-9"}},{"model":"controliva.empresa","pk":98,"fields":{"nRegistro":"259325-2","nombre":"GRUPO DE ASESORES CONSULTORES ESPECIALIZADOS SA DE CV","nit":"0614-200417-104-8"}},{"model":"controliva.empresa","pk":99,"fields":{"nRegistro":"205919-3","nombre":"DESARROLLOS CULTURALES SALVADOREÑOS SA DE CV","nit":"0614-051110-107-5"}},{"model":"controliva.facturaconsumidorfinal","pk":38,"fields":{"correlativoInicial":1268,"correlativoFinal":1285,"fecha":"2020-08-31","exento":"23.55","locales":"267.37","ventaTotal":"290.92","ventaCtaTerceros":"0.00","libro":28,"exportaciones":"0.00","ventasNSujetas":"0.00"}},{"model":"controliva.facturaconsumidorfinal","pk":39,"fields":{"correlativoInicial":1257,"correlativoFinal":1267,"fecha":"2020-08-30","exento":"113.51","locales":"1244.02","ventaTotal":"1357.53","ventaCtaTerceros":"0.00","libro":28,"exportaciones":"0.00","ventasNSujetas":"0.00"}},{"model":"controliva.facturaconsumidorfinal","pk":40,"fields":{"correlativoInicial":1243,"correlativoFinal":1256,"fecha":"2020-08-29","exento":"145.25","locales":"1581.38","ventaTotal":"1726.63","ventaCtaTerceros":"0.00","libro":28,"exportaciones":"0.00","ventasNSujetas":"0.00"}},{"model":"controliva.facturaconsumidorfinal","pk":41,"fields":{"correlativoInicial":1230,"correlativoFinal":1242,"fecha":"2020-08-28","exento":"48.35","locales":"551.62","ventaTotal":"599.97","ventaCtaTerceros":"0.00","libro":28,"exportaciones":"0.00","ventasNSujetas":"0.00"}},{"model":"controliva.facturaconsumidorfinal","pk":42,"fields":{"correlativoInicial":1212,"correlativoFinal":1229,"fecha":"2020-08-27","exento":"57.55","locales":"658.70","ventaTotal":"716.25","ventaCtaTerceros":"0.00","libro":28,"exportaciones":"0.00","ventasNSujetas":"0.00"}},{"model":"controliva.facturaconsumidorfinal","pk":43,"fields":{"correlativoInicial":1199,"correlativoFinal":1211,"fecha":"2020-08-26","exento":"43.17","locales":"492.83","ventaTotal":"536.00","ventaCtaTerceros":"0.00","libro":28,"exportaciones":"0.00","ventasNSujetas":"0.00"}},{"model":"controliva.facturaconsumidorfinal","pk":44,"fields":{"correlativoInicial":1181,"correlativoFinal":1198,"fecha":"2020-08-25","exento":"58.04","locales":"656.76","ventaTotal":"714.80","ventaCtaTerceros":"0.00","libro":28,"exportaciones":"0.00","ventasNSujetas":"0.00"}},{"model":"controliva.facturaconsumidorfinal","pk":46,"fields":{"correlativoInicial":1174,"correlativoFinal":1180,"fecha":"2020-08-24","exento":"10.06","locales":"107.47","ventaTotal":"117.53","ventaCtaTerceros":"0.00","libro":28,"exportaciones":"0.00","ventasNSujetas":"0.00"}},{"model":"controliva.facturaconsumidorfinal","pk":47,"fields":{"correlativoInicial":1170,"correlativoFinal":1173,"fecha":"2020-08-23","exento":"5.39","locales":"62.42","ventaTotal":"67.81","ventaCtaTerceros":"0.00","libro":28,"exportaciones":"0.00","ventasNSujetas":"0.00"}},{"model":"controliva.facturaconsumidorfinal","pk":48,"fields":{"correlativoInicial":1161,"correlativoFinal":1169,"fecha":"2020-08-22","exento":"120.94","locales":"1323.79","ventaTotal":"1444.73","ventaCtaTerceros":"0.00","libro":28,"exportaciones":"0.00","ventasNSujetas":"0.00"}},{"model":"controliva.facturaconsumidorfinal","pk":49,"fields":{"correlativoInicial":1150,"correlativoFinal":1160,"fecha":"2020-08-21","exento":"105.61","locales":"1151.90","ventaTotal":"1257.51","ventaCtaTerceros":"0.00","libro":28,"exportaciones":"0.00","ventasNSujetas":"0.00"}},{"model":"controliva.facturaconsumidorfinal","pk":50,"fields":{"correlativoInicial":1140,"correlativoFinal":1149,"fecha":"2020-08-20","exento":"122.21","locales":"1335.90","ventaTotal":"1458.11","ventaCtaTerceros":"0.00","libro":28,"exportaciones":"0.00","ventasNSujetas":"0.00"}},{"model":"controliva.facturaconsumidorfinal","pk":51,"fields":{"correlativoInicial":1126,"correlativoFinal":1139,"fecha":"2020-08-19","exento":"128.05","locales":"1713.68","ventaTotal":"1841.73","ventaCtaTerceros":"0.00","libro":28,"exportaciones":"0.00","ventasNSujetas":"0.00"}},{"model":"controliva.facturaconsumidorfinal","pk":53,"fields":{"correlativoInicial":1115,"correlativoFinal":1125,"fecha":"2020-08-18","exento":"105.91","locales":"1148.24","ventaTotal":"1254.15","ventaCtaTerceros":"0.00","libro":28,"exportaciones":"0.00","ventasNSujetas":"0.00"}},{"model":"controliva.facturaconsumidorfinal","pk":54,"fields":{"correlativoInicial":1106,"correlativoFinal":1114,"fecha":"2020-08-17","exento":"119.75","locales":"1308.07","ventaTotal":"1427.82","ventaCtaTerceros":"0.00","libro":28,"exportaciones":"0.00","ventasNSujetas":"0.00"}},{"model":"controliva.facturaconsumidorfinal","pk":56,"fields":{"correlativoInicial":1094,"correlativoFinal":1105,"fecha":"2020-08-16","exento":"138.02","locales":"1502.00","ventaTotal":"1640.02","ventaCtaTerceros":"0.00","libro":28,"exportaciones":"0.00","ventasNSujetas":"0.00"}},{"model":"controliva.facturaconsumidorfinal","pk":57,"fields":{"correlativoInicial":1088,"correlativoFinal":1093,"fecha":"2020-08-15","exento":"5.75","locales":"62.80","ventaTotal":"68.55","ventaCtaTerceros":"0.00","libro":28,"exportaciones":"0.00","ventasNSujetas":"0.00"}},{"model":"controliva.facturaconsumidorfinal","pk":58,"fields":{"correlativoInicial":1083,"correlativoFinal":1087,"fecha":"2020-08-14","exento":"9.75","locales":"104.38","ventaTotal":"114.13","ventaCtaTerceros":"0.00","libro":28,"exportaciones":"0.00","ventasNSujetas":"0.00"}},{"model":"controliva.facturaconsumidorfinal","pk":59,"fields":{"correlativoInicial":1078,"correlativoFinal":1082,"fecha":"2020-08-13","exento":"5.45","locales":"62.10","ventaTotal":"67.55","ventaCtaTerceros":"0.00","libro":28,"exportaciones":"0.00","ventasNSujetas":"0.00"}},{"model":"controliva.facturaconsumidorfinal","pk":60,"fields":{"correlativoInicial":1075,"correlativoFinal":1077,"fecha":"2020-08-12","exento":"12.26","locales":"130.24","ventaTotal":"142.50","ventaCtaTerceros":"0.00","libro":28,"exportaciones":"0.00","ventasNSujetas":"0.00"}},{"model":"controliva.facturaconsumidorfinal","pk":61,"fields":{"correlativoInicial":1070,"correlativoFinal":1074,"fecha":"2020-08-11","exento":"10.31","locales":"111.40","ventaTotal":"121.71","ventaCtaTerceros":"0.00","libro":28,"exportaciones":"0.00","ventasNSujetas":"0.00"}},{"model":"controliva.facturaconsumidorfinal","pk":62,"fields":{"correlativoInicial":1064,"correlativoFinal":1069,"fecha":"2020-08-10","exento":"12.65","locales":"136.40","ventaTotal":"149.05","ventaCtaTerceros":"0.00","libro":28,"exportaciones":"0.00","ventasNSujetas":"0.00"}},{"model":"controliva.facturaconsumidorfinal","pk":63,"fields":{"correlativoInicial":1062,"correlativoFinal":1063,"fecha":"2020-08-09","exento":"3.54","locales":"41.01","ventaTotal":"44.55","ventaCtaTerceros":"0.00","libro":28,"exportaciones":"0.00","ventasNSujetas":"0.00"}},{"model":"controliva.facturaconsumidorfinal","pk":64,"fields":{"correlativoInicial":1056,"correlativoFinal":1061,"fecha":"2020-08-08","exento":"9.59","locales":"105.06","ventaTotal":"114.65","ventaCtaTerceros":"0.00","libro":28,"exportaciones":"0.00","ventasNSujetas":"0.00"}},{"model":"controliva.facturaconsumidorfinal","pk":65,"fields":{"correlativoInicial":1046,"correlativoFinal":1055,"fecha":"2020-08-07","exento":"121.03","locales":"1317.19","ventaTotal":"1438.22","ventaCtaTerceros":"0.00","libro":28,"exportaciones":"0.00","ventasNSujetas":"0.00"}},{"model":"controliva.facturaconsumidorfinal","pk":66,"fields":{"correlativoInicial":1034,"correlativoFinal":1045,"fecha":"2020-08-06","exento":"114.29","locales":"1289.96","ventaTotal":"1404.25","ventaCtaTerceros":"0.00","libro":28,"exportaciones":"0.00","ventasNSujetas":"0.00"}},{"model":"controliva.facturaconsumidorfinal","pk":67,"fields":{"correlativoInicial":1026,"correlativoFinal":1033,"fecha":"2020-08-05","exento":"86.07","locales":"965.91","ventaTotal":"1051.98","ventaCtaTerceros":"0.00","libro":28,"exportaciones":"0.00","ventasNSujetas":"0.00"}},{"model":"controliva.facturaconsumidorfinal","pk":68,"fields":{"correlativoInicial":1015,"correlativoFinal":1025,"fecha":"2020-08-04","exento":"110.16","locales":"1239.94","ventaTotal":"1350.10","ventaCtaTerceros":"0.00","libro":28,"exportaciones":"0.00","ventasNSujetas":"0.00"}},{"model":"controliva.facturaconsumidorfinal","pk":69,"fields":{"correlativoInicial":1003,"correlativoFinal":1014,"fecha":"2020-08-03","exento":"115.75","locales":"1303.79","ventaTotal":"1419.54","ventaCtaTerceros":"0.00","libro":28,"exportaciones":"0.00","ventasNSujetas":"0.00"}},{"model":"controliva.facturaconsumidorfinal","pk":70,"fields":{"correlativoInicial":996,"correlativoFinal":1002,"fecha":"2020-08-02","exento":"110.90","locales":"1259.73","ventaTotal":"1370.63","ventaCtaTerceros":"0.00","libro":28,"exportaciones":"0.00","ventasNSujetas":"0.00"}},{"model":"controliva.facturaconsumidorfinal","pk":71,"fields":{"correlativoInicial":983,"correlativoFinal":995,"fecha":"2020-08-01","exento":"137.90","locales":"1520.00","ventaTotal":"1657.90","ventaCtaTerceros":"0.00","libro":28,"exportaciones":"0.00","ventasNSujetas":"0.00"}},{"model":"controliva.facturaconsumidorfinal","pk":72,"fields":{"correlativoInicial":1287,"correlativoFinal":1288,"fecha":"2020-08-25","exento":"0.00","locales":"695.88","ventaTotal":"695.88","ventaCtaTerceros":"0.00","libro":29,"exportaciones":"0.00","ventasNSujetas":"0.00"}},{"model":"controliva.facturaconsumidorfinal","pk":73,"fields":{"correlativoInicial":1289,"correlativoFinal":1289,"fecha":"2020-08-27","exento":"0.00","locales":"243.00","ventaTotal":"243.00","ventaCtaTerceros":"0.00","libro":29,"exportaciones":"0.00","ventasNSujetas":"0.00"}},{"model":"controliva.facturaconsumidorfinal","pk":74,"fields":{"correlativoInicial":1290,"correlativoFinal":1293,"fecha":"2020-08-28","exento":"0.00","locales":"319.95","ventaTotal":"319.95","ventaCtaTerceros":"0.00","libro":29,"exportaciones":"0.00","ventasNSujetas":"0.00"}},{"model":"controliva.facturaconsumidorfinal","pk":75,"fields":{"correlativoInicial":1294,"correlativoFinal":1294,"fecha":"2020-08-29","exento":"0.00","locales":"71.64","ventaTotal":"71.64","ventaCtaTerceros":"0.00","libro":29,"exportaciones":"0.00","ventasNSujetas":"0.00"}},{"model":"controliva.facturaconsumidorfinal","pk":76,"fields":{"correlativoInicial":1295,"correlativoFinal":1302,"fecha":"2020-08-31","exento":"0.00","locales":"2918.82","ventaTotal":"2918.82","ventaCtaTerceros":"0.00","libro":29,"exportaciones":"0.00","ventasNSujetas":"0.00"}},{"model":"controliva.facturaconsumidorfinal","pk":77,"fields":{"correlativoInicial":443,"correlativoFinal":443,"fecha":"2020-01-30","exento":"0.00","locales":"88.71","ventaTotal":"88.71","ventaCtaTerceros":"0.00","libro":21,"exportaciones":"0.00","ventasNSujetas":"0.00"}},{"model":"controliva.facturaconsumidorfinal","pk":78,"fields":{"correlativoInicial":442,"correlativoFinal":442,"fecha":"2020-01-10","exento":"0.00","locales":"10.74","ventaTotal":"10.74","ventaCtaTerceros":"0.00","libro":21,"exportaciones":"0.00","ventasNSujetas":"0.00"}},{"model":"controliva.facturaconsumidorfinal","pk":80,"fields":{"correlativoInicial":441,"correlativoFinal":441,"fecha":"2020-01-09","exento":"0.00","locales":"10.74","ventaTotal":"10.74","ventaCtaTerceros":"0.00","libro":21,"exportaciones":"0.00","ventasNSujetas":"0.00"}},{"model":"controliva.facturaconsumidorfinal","pk":81,"fields":{"correlativoInicial":64,"correlativoFinal":64,"fecha":"2020-08-03","exento":"0.00","locales":"1457.51","ventaTotal":"1457.51","ventaCtaTerceros":"0.00","libro":35,"exportaciones":"0.00","ventasNSujetas":"0.00"}},{"model":"controliva.facturaconsumidorfinal","pk":82,"fields":{"correlativoInicial":65,"correlativoFinal":65,"fecha":"2020-08-05","exento":"0.00","locales":"53.50","ventaTotal":"53.50","ventaCtaTerceros":"0.00","libro":35,"exportaciones":"0.00","ventasNSujetas":"0.00"}},{"model":"controliva.facturaconsumidorfinal","pk":83,"fields":{"correlativoInicial":66,"correlativoFinal":66,"fecha":"2020-08-10","exento":"0.00","locales":"846.03","ventaTotal":"846.03","ventaCtaTerceros":"0.00","libro":35,"exportaciones":"0.00","ventasNSujetas":"0.00"}},{"model":"controliva.facturaconsumidorfinal","pk":84,"fields":{"correlativoInicial":67,"correlativoFinal":67,"fecha":"2020-08-17","exento":"0.00","locales":"1383.69","ventaTotal":"1383.69","ventaCtaTerceros":"0.00","libro":35,"exportaciones":"0.00","ventasNSujetas":"0.00"}},{"model":"controliva.facturaconsumidorfinal","pk":85,"fields":{"correlativoInicial":68,"correlativoFinal":70,"fecha":"2020-08-24","exento":"0.00","locales":"2864.81","ventaTotal":"2864.81","ventaCtaTerceros":"0.00","libro":35,"exportaciones":"0.00","ventasNSujetas":"0.00"}},{"model":"controliva.facturaconsumidorfinal","pk":86,"fields":{"correlativoInicial":433,"correlativoFinal":435,"fecha":"2019-12-04","exento":"0.00","locales":"649.75","ventaTotal":"649.75","ventaCtaTerceros":"0.00","libro":37,"exportaciones":"0.00","ventasNSujetas":"0.00"}},{"model":"controliva.facturaconsumidorfinal","pk":87,"fields":{"correlativoInicial":436,"correlativoFinal":437,"fecha":"2019-12-13","exento":"1026.00","locales":"0.00","ventaTotal":"1026.00","ventaCtaTerceros":"0.00","libro":37,"exportaciones":"0.00","ventasNSujetas":"0.00"}},{"model":"controliva.facturaconsumidorfinal","pk":88,"fields":{"correlativoInicial":438,"correlativoFinal":440,"fecha":"2019-12-18","exento":"0.00","locales":"889.88","ventaTotal":"889.88","ventaCtaTerceros":"0.00","libro":37,"exportaciones":"0.00","ventasNSujetas":"0.00"}},{"model":"controliva.facturacontribuyente","pk":4,"fields":{"correlativo":2,"fecha":"2020-08-02","nComprobacion":1335,"serie":null,"corrIntUni":null,"contribuyente":4,"venExentas":"0.00","venGravadas":"1000.00","ivaDebFiscal":"130.00","vtVentas":"0.00","vtIVA":"0.00","ivaRetenido":"0.00","total":"1130.00","libro":19,"ventasNSujetas":"0.00"}},{"model":"controliva.facturacontribuyente","pk":6,"fields":{"correlativo":1341,"fecha":"2020-08-31","nComprobacion":null,"serie":null,"corrIntUni":null,"contribuyente":8,"venExentas":"0.87","venGravadas":"8.08","ivaDebFiscal":"1.05","vtVentas":"0.00","vtIVA":"0.00","ivaRetenido":"0.00","total":"10.00","libro":27,"ventasNSujetas":"0.00"}},{"model":"controliva.facturacontribuyente","pk":7,"fields":{"correlativo":1340,"fecha":"2020-08-31","nComprobacion":null,"serie":null,"corrIntUni":null,"contribuyente":9,"venExentas":"0.87","venGravadas":"8.08","ivaDebFiscal":"1.05","vtVentas":"0.00","vtIVA":"0.00","ivaRetenido":"0.00","total":"10.00","libro":27,"ventasNSujetas":"0.00"}},{"model":"controliva.facturacontribuyente","pk":11,"fields":{"correlativo":1338,"fecha":"2020-08-31","nComprobacion":null,"serie":null,"corrIntUni":null,"contribuyente":11,"venExentas":"15.12","venGravadas":"151.85","ivaDebFiscal":"19.74","vtVentas":"0.00","vtIVA":"0.00","ivaRetenido":"0.00","total":"186.71","libro":27,"ventasNSujetas":"0.00"}},{"model":"controliva.facturacontribuyente","pk":12,"fields":{"correlativo":1337,"fecha":"2020-08-29","nComprobacion":null,"serie":null,"corrIntUni":null,"contribuyente":12,"venExentas":"2.60","venGravadas":"24.25","ivaDebFiscal":"3.15","vtVentas":"0.00","vtIVA":"0.00","ivaRetenido":"0.00","total":"30.00","libro":27,"ventasNSujetas":"0.00"}},{"model":"controliva.facturacontribuyente","pk":13,"fields":{"correlativo":1336,"fecha":"2020-08-28","nComprobacion":null,"serie":null,"corrIntUni":null,"contribuyente":13,"venExentas":"22.51","venGravadas":"210.17","ivaDebFiscal":"27.32","vtVentas":"0.00","vtIVA":"0.00","ivaRetenido":"0.00","total":"260.00","libro":27,"ventasNSujetas":"0.00"}},{"model":"controliva.facturacontribuyente","pk":14,"fields":{"correlativo":1335,"fecha":"2020-08-28","nComprobacion":null,"serie":null,"corrIntUni":null,"contribuyente":14,"venExentas":"0.60","venGravadas":"6.11","ivaDebFiscal":"0.79","vtVentas":"0.00","vtIVA":"0.00","ivaRetenido":"0.00","total":"7.50","libro":27,"ventasNSujetas":"0.00"}},{"model":"controliva.facturacontribuyente","pk":16,"fields":{"correlativo":1334,"fecha":"2020-08-27","nComprobacion":null,"serie":null,"corrIntUni":null,"contribuyente":15,"venExentas":"1.73","venGravadas":"16.17","ivaDebFiscal":"2.10","vtVentas":"0.00","vtIVA":"0.00","ivaRetenido":"0.00","total":"20.00","libro":27,"ventasNSujetas":"0.00"}},{"model":"controliva.facturacontribuyente","pk":17,"fields":{"correlativo":1333,"fecha":"2020-08-27","nComprobacion":null,"serie":null,"corrIntUni":null,"contribuyente":12,"venExentas":"2.60","venGravadas":"24.25","ivaDebFiscal":"3.15","vtVentas":"0.00","vtIVA":"0.00","ivaRetenido":"0.00","total":"30.00","libro":27,"ventasNSujetas":"0.00"}},{"model":"controliva.facturacontribuyente","pk":18,"fields":{"correlativo":1332,"fecha":"2020-08-27","nComprobacion":null,"serie":null,"corrIntUni":null,"contribuyente":12,"venExentas":"2.16","venGravadas":"20.21","ivaDebFiscal":"2.63","vtVentas":"0.00","vtIVA":"0.00","ivaRetenido":"0.00","total":"25.00","libro":27,"ventasNSujetas":"0.00"}},{"model":"controliva.facturacontribuyente","pk":19,"fields":{"correlativo":1331,"fecha":"2020-08-27","nComprobacion":null,"serie":null,"corrIntUni":null,"contribuyente":8,"venExentas":"1.73","venGravadas":"16.17","ivaDebFiscal":"2.10","vtVentas":"0.00","vtIVA":"0.00","ivaRetenido":"0.00","total":"20.00","libro":27,"ventasNSujetas":"0.00"}},{"model":"controliva.facturacontribuyente","pk":20,"fields":{"correlativo":1330,"fecha":"2020-08-26","nComprobacion":null,"serie":null,"corrIntUni":null,"contribuyente":19,"venExentas":"0.79","venGravadas":"8.15","ivaDebFiscal":"1.06","vtVentas":"0.00","vtIVA":"0.00","ivaRetenido":"0.00","total":"10.00","libro":27,"ventasNSujetas":"0.00"}},{"model":"controliva.facturacontribuyente","pk":21,"fields":{"correlativo":1329,"fecha":"2020-08-28","nComprobacion":null,"serie":null,"corrIntUni":null,"contribuyente":20,"venExentas":"1.59","venGravadas":"16.29","ivaDebFiscal":"2.12","vtVentas":"0.00","vtIVA":"0.00","ivaRetenido":"0.00","total":"20.00","libro":27,"ventasNSujetas":"0.00"}},{"model":"controliva.facturacontribuyente","pk":22,"fields":{"correlativo":1328,"fecha":"2020-08-25","nComprobacion":null,"serie":null,"corrIntUni":null,"contribuyente":21,"venExentas":"0.63","venGravadas":"6.52","ivaDebFiscal":"0.85","vtVentas":"0.00","vtIVA":"0.00","ivaRetenido":"0.00","total":"8.00","libro":27,"ventasNSujetas":"0.00"}},{"model":"controliva.facturacontribuyente","pk":23,"fields":{"correlativo":1327,"fecha":"2020-08-25","nComprobacion":null,"serie":null,"corrIntUni":null,"contribuyente":21,"venExentas":"0.63","venGravadas":"6.52","ivaDebFiscal":"0.85","vtVentas":"0.00","vtIVA":"0.00","ivaRetenido":"0.00","total":"8.00","libro":27,"ventasNSujetas":"0.00"}},{"model":"controliva.facturacontribuyente","pk":24,"fields":{"correlativo":1326,"fecha":"2020-08-25","nComprobacion":null,"serie":null,"corrIntUni":null,"contribuyente":22,"venExentas":"1.15","venGravadas":"11.81","ivaDebFiscal":"1.54","vtVentas":"0.00","vtIVA":"0.00","ivaRetenido":"0.00","total":"14.50","libro":27,"ventasNSujetas":"0.00"}},{"model":"controliva.facturacontribuyente","pk":25,"fields":{"correlativo":1325,"fecha":"2020-08-24","nComprobacion":null,"serie":null,"corrIntUni":null,"contribuyente":12,"venExentas":"2.60","venGravadas":"24.25","ivaDebFiscal":"3.15","vtVentas":"0.00","vtIVA":"0.00","ivaRetenido":"0.00","total":"30.00","libro":27,"ventasNSujetas":"0.00"}},{"model":"controliva.facturacontribuyente","pk":27,"fields":{"correlativo":1323,"fecha":"2020-08-21","nComprobacion":null,"serie":null,"corrIntUni":null,"contribuyente":15,"venExentas":"2.16","venGravadas":"20.21","ivaDebFiscal":"2.63","vtVentas":"0.00","vtIVA":"0.00","ivaRetenido":"0.00","total":"25.00","libro":27,"ventasNSujetas":"0.00"}},{"model":"controliva.facturacontribuyente","pk":28,"fields":{"correlativo":1322,"fecha":"2020-08-21","nComprobacion":null,"serie":null,"corrIntUni":null,"contribuyente":11,"venExentas":"18.00","venGravadas":"120.53","ivaDebFiscal":"15.67","vtVentas":"0.00","vtIVA":"0.00","ivaRetenido":"0.00","total":"154.20","libro":27,"ventasNSujetas":"0.00"}},{"model":"controliva.facturacontribuyente","pk":30,"fields":{"correlativo":1324,"fecha":"2020-08-21","nComprobacion":null,"serie":0,"corrIntUni":0,"contribuyente":28,"venExentas":"0.00","venGravadas":"556.77","ivaDebFiscal":"72.38","vtVentas":"0.00","vtIVA":"0.00","ivaRetenido":"0.00","total":"629.15","libro":27,"ventasNSujetas":"0.00"}},{"model":"controliva.facturacontribuyente","pk":31,"fields":{"correlativo":1321,"fecha":"2020-08-20","nComprobacion":null,"serie":null,"corrIntUni":null,"contribuyente":8,"venExentas":"1.73","venGravadas":"16.17","ivaDebFiscal":"2.10","vtVentas":"0.00","vtIVA":"0.00","ivaRetenido":"0.00","total":"20.00","libro":27,"ventasNSujetas":"0.00"}},{"model":"controliva.facturacontribuyente","pk":32,"fields":{"correlativo":1320,"fecha":"2020-08-20","nComprobacion":null,"serie":null,"corrIntUni":null,"contribuyente":21,"venExentas":"0.63","venGravadas":"6.52","ivaDebFiscal":"0.85","vtVentas":"0.00","vtIVA":"0.00","ivaRetenido":"0.00","total":"8.00","libro":27,"ventasNSujetas":"0.00"}},{"model":"controliva.facturacontribuyente","pk":33,"fields":{"correlativo":1319,"fecha":"2020-08-20","nComprobacion":null,"serie":null,"corrIntUni":null,"contribuyente":8,"venExentas":"2.60","venGravadas":"24.25","ivaDebFiscal":"3.15","vtVentas":"0.00","vtIVA":"0.00","ivaRetenido":"0.00","total":"30.00","libro":27,"ventasNSujetas":"0.00"}},{"model":"controliva.facturacontribuyente","pk":34,"fields":{"correlativo":1318,"fecha":"2020-08-19","nComprobacion":null,"serie":null,"corrIntUni":null,"contribuyente":36,"venExentas":"1.59","venGravadas":"16.29","ivaDebFiscal":"2.12","vtVentas":"0.00","vtIVA":"0.00","ivaRetenido":"0.00","total":"20.00","libro":27,"ventasNSujetas":"0.00"}},{"model":"controliva.facturacontribuyente","pk":35,"fields":{"correlativo":1317,"fecha":"2020-08-19","nComprobacion":null,"serie":null,"corrIntUni":null,"contribuyente":12,"venExentas":"2.60","venGravadas":"24.25","ivaDebFiscal":"3.15","vtVentas":"0.00","vtIVA":"0.00","ivaRetenido":"0.00","total":"30.00","libro":27,"ventasNSujetas":"0.00"}},{"model":"controliva.facturacontribuyente","pk":36,"fields":{"correlativo":1316,"fecha":"2020-08-19","nComprobacion":null,"serie":null,"corrIntUni":null,"contribuyente":12,"venExentas":"3.46","venGravadas":"32.33","ivaDebFiscal":"4.20","vtVentas":"0.00","vtIVA":"0.00","ivaRetenido":"0.00","total":"39.99","libro":27,"ventasNSujetas":"0.00"}},{"model":"controliva.facturacontribuyente","pk":37,"fields":{"correlativo":1315,"fecha":"2020-08-19","nComprobacion":null,"serie":null,"corrIntUni":null,"contribuyente":39,"venExentas":"0.79","venGravadas":"8.15","ivaDebFiscal":"1.06","vtVentas":"0.00","vtIVA":"0.00","ivaRetenido":"0.00","total":"10.00","libro":27,"ventasNSujetas":"0.00"}},{"model":"controliva.facturacontribuyente","pk":38,"fields":{"correlativo":1314,"fecha":"2020-08-18","nComprobacion":null,"serie":null,"corrIntUni":null,"contribuyente":8,"venExentas":"0.79","venGravadas":"8.15","ivaDebFiscal":"1.06","vtVentas":"0.00","vtIVA":"0.00","ivaRetenido":"0.00","total":"10.00","libro":27,"ventasNSujetas":"0.00"}},{"model":"controliva.facturacontribuyente","pk":39,"fields":{"correlativo":1313,"fecha":"2020-08-18","nComprobacion":null,"serie":null,"corrIntUni":null,"contribuyente":40,"venExentas":"5.19","venGravadas":"48.50","ivaDebFiscal":"6.31","vtVentas":"0.00","vtIVA":"0.00","ivaRetenido":"0.00","total":"60.00","libro":27,"ventasNSujetas":"0.00"}},{"model":"controliva.facturacontribuyente","pk":40,"fields":{"correlativo":1312,"fecha":"2020-08-17","nComprobacion":null,"serie":null,"corrIntUni":null,"contribuyente":40,"venExentas":"1.59","venGravadas":"16.29","ivaDebFiscal":"2.12","vtVentas":"0.00","vtIVA":"0.00","ivaRetenido":"0.00","total":"20.00","libro":27,"ventasNSujetas":"0.00"}},{"model":"controliva.facturacontribuyente","pk":41,"fields":{"correlativo":1311,"fecha":"2020-08-17","nComprobacion":null,"serie":null,"corrIntUni":null,"contribuyente":21,"venExentas":"0.00","venGravadas":"4.87","ivaDebFiscal":"0.63","vtVentas":"0.00","vtIVA":"0.00","ivaRetenido":"0.00","total":"5.50","libro":27,"ventasNSujetas":"0.00"}},{"model":"controliva.facturacontribuyente","pk":42,"fields":{"correlativo":1310,"fecha":"2020-08-17","nComprobacion":null,"serie":null,"corrIntUni":null,"contribuyente":21,"venExentas":"0.63","venGravadas":"6.52","ivaDebFiscal":"0.85","vtVentas":"0.00","vtIVA":"0.00","ivaRetenido":"0.00","total":"8.00","libro":27,"ventasNSujetas":"0.00"}},{"model":"controliva.facturacontribuyente","pk":43,"fields":{"correlativo":1309,"fecha":"2020-08-17","nComprobacion":null,"serie":null,"corrIntUni":null,"contribuyente":21,"venExentas":"0.00","venGravadas":"5.50","ivaDebFiscal":"0.72","vtVentas":"0.00","vtIVA":"0.00","ivaRetenido":"0.00","total":"6.22","libro":27,"ventasNSujetas":"0.00"}},{"model":"controliva.facturacontribuyente","pk":44,"fields":{"correlativo":1308,"fecha":"2020-08-17","nComprobacion":null,"serie":null,"corrIntUni":null,"contribuyente":43,"venExentas":"0.40","venGravadas":"4.07","ivaDebFiscal":"0.53","vtVentas":"0.00","vtIVA":"0.00","ivaRetenido":"0.00","total":"5.00","libro":27,"ventasNSujetas":"0.00"}},{"model":"controliva.facturacontribuyente","pk":45,"fields":{"correlativo":1307,"fecha":"2020-08-17","nComprobacion":null,"serie":null,"corrIntUni":null,"contribuyente":9,"venExentas":"1.73","venGravadas":"16.17","ivaDebFiscal":"2.10","vtVentas":"0.00","vtIVA":"0.00","ivaRetenido":"0.00","total":"20.00","libro":27,"ventasNSujetas":"0.00"}},{"model":"controliva.facturacontribuyente","pk":46,"fields":{"correlativo":1306,"fecha":"2020-08-15","nComprobacion":null,"serie":null,"corrIntUni":null,"contribuyente":48,"venExentas":"2.22","venGravadas":"20.73","ivaDebFiscal":"2.69","vtVentas":"0.00","vtIVA":"0.00","ivaRetenido":"0.00","total":"25.64","libro":27,"ventasNSujetas":"0.00"}},{"model":"controliva.facturacontribuyente","pk":47,"fields":{"correlativo":1305,"fecha":"2020-08-15","nComprobacion":null,"serie":null,"corrIntUni":null,"contribuyente":49,"venExentas":"1.59","venGravadas":"16.29","ivaDebFiscal":"2.12","vtVentas":"0.00","vtIVA":"0.00","ivaRetenido":"0.00","total":"20.00","libro":27,"ventasNSujetas":"0.00"}},{"model":"controliva.facturacontribuyente","pk":48,"fields":{"correlativo":1304,"fecha":"2020-08-14","nComprobacion":null,"serie":null,"corrIntUni":null,"contribuyente":15,"venExentas":"2.16","venGravadas":"20.21","ivaDebFiscal":"2.63","vtVentas":"0.00","vtIVA":"0.00","ivaRetenido":"0.00","total":"25.00","libro":27,"ventasNSujetas":"0.00"}},{"model":"controliva.facturacontribuyente","pk":49,"fields":{"correlativo":1303,"fecha":"2020-08-14","nComprobacion":null,"serie":null,"corrIntUni":null,"contribuyente":11,"venExentas":"15.20","venGravadas":"152.66","ivaDebFiscal":"19.85","vtVentas":"0.00","vtIVA":"0.00","ivaRetenido":"0.00","total":"187.71","libro":27,"ventasNSujetas":"0.00"}},{"model":"controliva.facturacontribuyente","pk":50,"fields":{"correlativo":1302,"fecha":"2020-08-13","nComprobacion":null,"serie":null,"corrIntUni":null,"contribuyente":21,"venExentas":"0.63","venGravadas":"6.52","ivaDebFiscal":"0.85","vtVentas":"0.00","vtIVA":"0.00","ivaRetenido":"0.00","total":"8.00","libro":27,"ventasNSujetas":"0.00"}},{"model":"controliva.facturacontribuyente","pk":51,"fields":{"correlativo":1301,"fecha":"2020-08-13","nComprobacion":null,"serie":null,"corrIntUni":null,"contribuyente":37,"venExentas":"11.90","venGravadas":"122.21","ivaDebFiscal":"15.89","vtVentas":"0.00","vtIVA":"0.00","ivaRetenido":"0.00","total":"150.00","libro":27,"ventasNSujetas":"0.00"}},{"model":"controliva.facturacontribuyente","pk":52,"fields":{"correlativo":1300,"fecha":"2020-08-12","nComprobacion":null,"serie":null,"corrIntUni":null,"contribuyente":22,"venExentas":"1.73","venGravadas":"16.17","ivaDebFiscal":"2.10","vtVentas":"0.00","vtIVA":"0.00","ivaRetenido":"0.00","total":"20.00","libro":27,"ventasNSujetas":"0.00"}},{"model":"controliva.facturacontribuyente","pk":53,"fields":{"correlativo":1299,"fecha":"2020-08-11","nComprobacion":null,"serie":null,"corrIntUni":null,"contribuyente":8,"venExentas":"1.73","venGravadas":"16.17","ivaDebFiscal":"2.10","vtVentas":"0.00","vtIVA":"0.00","ivaRetenido":"0.00","total":"20.00","libro":27,"ventasNSujetas":"0.00"}},{"model":"controliva.facturacontribuyente","pk":54,"fields":{"correlativo":1298,"fecha":"2020-08-11","nComprobacion":null,"serie":null,"corrIntUni":null,"contribuyente":50,"venExentas":"0.55","venGravadas":"5.70","ivaDebFiscal":"0.74","vtVentas":"0.00","vtIVA":"0.00","ivaRetenido":"0.00","total":"6.99","libro":27,"ventasNSujetas":"0.00"}},{"model":"controliva.facturacontribuyente","pk":55,"fields":{"correlativo":1297,"fecha":"2020-08-11","nComprobacion":null,"serie":null,"corrIntUni":null,"contribuyente":22,"venExentas":"4.33","venGravadas":"40.42","ivaDebFiscal":"5.25","vtVentas":"0.00","vtIVA":"0.00","ivaRetenido":"0.00","total":"50.00","libro":27,"ventasNSujetas":"0.00"}},{"model":"controliva.facturacontribuyente","pk":56,"fields":{"correlativo":1296,"fecha":"2020-08-10","nComprobacion":null,"serie":null,"corrIntUni":null,"contribuyente":12,"venExentas":"2.60","venGravadas":"24.25","ivaDebFiscal":"3.15","vtVentas":"0.00","vtIVA":"0.00","ivaRetenido":"0.00","total":"30.00","libro":27,"ventasNSujetas":"0.00"}},{"model":"controliva.facturacontribuyente","pk":57,"fields":{"correlativo":1295,"fecha":"2020-08-10","nComprobacion":null,"serie":null,"corrIntUni":null,"contribuyente":9,"venExentas":"1.73","venGravadas":"16.17","ivaDebFiscal":"2.10","vtVentas":"0.00","vtIVA":"0.00","ivaRetenido":"0.00","total":"20.00","libro":27,"ventasNSujetas":"0.00"}},{"model":"controliva.facturacontribuyente","pk":58,"fields":{"correlativo":1294,"fecha":"2020-08-10","nComprobacion":null,"serie":null,"corrIntUni":null,"contribuyente":21,"venExentas":"0.63","venGravadas":"6.52","ivaDebFiscal":"0.85","vtVentas":"0.00","vtIVA":"0.00","ivaRetenido":"0.00","total":"8.00","libro":27,"ventasNSujetas":"0.00"}},{"model":"controliva.facturacontribuyente","pk":59,"fields":{"correlativo":1293,"fecha":"2020-08-08","nComprobacion":null,"serie":null,"corrIntUni":null,"contribuyente":12,"venExentas":"2.60","venGravadas":"24.25","ivaDebFiscal":"3.15","vtVentas":"0.00","vtIVA":"0.00","ivaRetenido":"0.00","total":"30.00","libro":27,"ventasNSujetas":"0.00"}},{"model":"controliva.facturacontribuyente","pk":60,"fields":{"correlativo":1292,"fecha":"2020-08-08","nComprobacion":null,"serie":null,"corrIntUni":null,"contribuyente":15,"venExentas":"3.46","venGravadas":"32.33","ivaDebFiscal":"4.20","vtVentas":"0.00","vtIVA":"0.00","ivaRetenido":"0.00","total":"39.99","libro":27,"ventasNSujetas":"0.00"}},{"model":"controliva.facturacontribuyente","pk":61,"fields":{"correlativo":1291,"fecha":"2002-08-08","nComprobacion":null,"serie":null,"corrIntUni":null,"contribuyente":21,"venExentas":"0.63","venGravadas":"6.52","ivaDebFiscal":"0.85","vtVentas":"0.00","vtIVA":"0.00","ivaRetenido":"0.00","total":"8.00","libro":27,"ventasNSujetas":"0.00"}},{"model":"controliva.facturacontribuyente","pk":62,"fields":{"correlativo":1290,"fecha":"2020-08-06","nComprobacion":null,"serie":null,"corrIntUni":null,"contribuyente":8,"venExentas":"1.73","venGravadas":"16.17","ivaDebFiscal":"2.10","vtVentas":"0.00","vtIVA":"0.00","ivaRetenido":"0.00","total":"20.00","libro":27,"ventasNSujetas":"0.00"}},{"model":"controliva.facturacontribuyente","pk":63,"fields":{"correlativo":1289,"fecha":"2020-08-06","nComprobacion":null,"serie":null,"corrIntUni":null,"contribuyente":22,"venExentas":"1.73","venGravadas":"16.17","ivaDebFiscal":"2.10","vtVentas":"0.00","vtIVA":"0.00","ivaRetenido":"0.00","total":"20.00","libro":27,"ventasNSujetas":"0.00"}},{"model":"controliva.facturacontribuyente","pk":64,"fields":{"correlativo":1288,"fecha":"2020-08-05","nComprobacion":null,"serie":null,"corrIntUni":null,"contribuyente":12,"venExentas":"3.46","venGravadas":"32.33","ivaDebFiscal":"4.20","vtVentas":"0.00","vtIVA":"0.00","ivaRetenido":"0.00","total":"39.99","libro":27,"ventasNSujetas":"0.00"}},{"model":"controliva.facturacontribuyente","pk":65,"fields":{"correlativo":1287,"fecha":"2020-08-05","nComprobacion":null,"serie":null,"corrIntUni":null,"contribuyente":37,"venExentas":"11.45","venGravadas":"122.61","ivaDebFiscal":"15.94","vtVentas":"0.00","vtIVA":"0.00","ivaRetenido":"0.00","total":"150.00","libro":27,"ventasNSujetas":"0.00"}},{"model":"controliva.facturacontribuyente","pk":66,"fields":{"correlativo":1286,"fecha":"2020-08-05","nComprobacion":null,"serie":null,"corrIntUni":null,"contribuyente":51,"venExentas":"0.61","venGravadas":"5.66","ivaDebFiscal":"0.74","vtVentas":"0.00","vtIVA":"0.00","ivaRetenido":"0.00","total":"7.01","libro":27,"ventasNSujetas":"0.00"}},{"model":"controliva.facturacontribuyente","pk":67,"fields":{"correlativo":1285,"fecha":"2020-08-05","nComprobacion":null,"serie":null,"corrIntUni":null,"contribuyente":9,"venExentas":"1.73","venGravadas":"16.17","ivaDebFiscal":"2.10","vtVentas":"0.00","vtIVA":"0.00","ivaRetenido":"0.00","total":"20.00","libro":27,"ventasNSujetas":"0.00"}},{"model":"controliva.facturacontribuyente","pk":68,"fields":{"correlativo":1284,"fecha":"2020-08-04","nComprobacion":null,"serie":null,"corrIntUni":null,"contribuyente":52,"venExentas":"1.15","venGravadas":"12.26","ivaDebFiscal":"1.59","vtVentas":"0.00","vtIVA":"0.00","ivaRetenido":"0.00","total":"15.00","libro":27,"ventasNSujetas":"0.00"}},{"model":"controliva.facturacontribuyente","pk":69,"fields":{"correlativo":1283,"fecha":"2020-08-04","nComprobacion":null,"serie":null,"corrIntUni":null,"contribuyente":12,"venExentas":"2.60","venGravadas":"24.25","ivaDebFiscal":"3.15","vtVentas":"0.00","vtIVA":"0.00","ivaRetenido":"0.00","total":"30.00","libro":27,"ventasNSujetas":"0.00"}},{"model":"controliva.facturacontribuyente","pk":70,"fields":{"correlativo":1282,"fecha":"2020-08-04","nComprobacion":null,"serie":null,"corrIntUni":null,"contribuyente":21,"venExentas":"0.61","venGravadas":"6.54","ivaDebFiscal":"0.85","vtVentas":"0.00","vtIVA":"0.00","ivaRetenido":"0.00","total":"8.00","libro":27,"ventasNSujetas":"0.00"}},{"model":"controliva.facturacontribuyente","pk":71,"fields":{"correlativo":1281,"fecha":"2020-08-04","nComprobacion":null,"serie":null,"corrIntUni":null,"contribuyente":21,"venExentas":"0.61","venGravadas":"6.54","ivaDebFiscal":"0.85","vtVentas":"0.00","vtIVA":"0.00","ivaRetenido":"0.00","total":"8.00","libro":27,"ventasNSujetas":"0.00"}},{"model":"controliva.facturacontribuyente","pk":72,"fields":{"correlativo":1280,"fecha":"2020-08-04","nComprobacion":null,"serie":null,"corrIntUni":null,"contribuyente":54,"venExentas":"0.87","venGravadas":"8.08","ivaDebFiscal":"1.05","vtVentas":"0.00","vtIVA":"0.00","ivaRetenido":"0.00","total":"10.00","libro":27,"ventasNSujetas":"0.00"}},{"model":"controliva.facturacontribuyente","pk":73,"fields":{"correlativo":1279,"fecha":"2020-08-03","nComprobacion":null,"serie":null,"corrIntUni":null,"contribuyente":55,"venExentas":"4.58","venGravadas":"49.04","ivaDebFiscal":"6.38","vtVentas":"0.00","vtIVA":"0.00","ivaRetenido":"0.00","total":"60.00","libro":27,"ventasNSujetas":"0.00"}},{"model":"controliva.facturacontribuyente","pk":74,"fields":{"correlativo":1278,"fecha":"2020-08-03","nComprobacion":null,"serie":null,"corrIntUni":null,"contribuyente":55,"venExentas":"1.15","venGravadas":"12.26","ivaDebFiscal":"1.59","vtVentas":"0.00","vtIVA":"0.00","ivaRetenido":"0.00","total":"15.00","libro":27,"ventasNSujetas":"0.00"}},{"model":"controliva.facturacontribuyente","pk":75,"fields":{"correlativo":1277,"fecha":"2020-08-03","nComprobacion":null,"serie":null,"corrIntUni":null,"contribuyente":21,"venExentas":"0.00","venGravadas":"4.87","ivaDebFiscal":"0.63","vtVentas":"0.00","vtIVA":"0.00","ivaRetenido":"0.00","total":"5.50","libro":27,"ventasNSujetas":"0.00"}},{"model":"controliva.facturacontribuyente","pk":76,"fields":{"correlativo":1276,"fecha":"2020-08-03","nComprobacion":null,"serie":null,"corrIntUni":null,"contribuyente":22,"venExentas":"1.73","venGravadas":"16.17","ivaDebFiscal":"2.10","vtVentas":"0.00","vtIVA":"0.00","ivaRetenido":"0.00","total":"20.00","libro":27,"ventasNSujetas":"0.00"}},{"model":"controliva.facturacontribuyente","pk":77,"fields":{"correlativo":1275,"fecha":"2020-08-02","nComprobacion":null,"serie":null,"corrIntUni":null,"contribuyente":11,"venExentas":"17.85","venGravadas":"187.17","ivaDebFiscal":"24.33","vtVentas":"0.00","vtIVA":"0.00","ivaRetenido":"0.00","total":"229.35","libro":27,"ventasNSujetas":"0.00"}},{"model":"controliva.facturacontribuyente","pk":78,"fields":{"correlativo":1274,"fecha":"2020-08-01","nComprobacion":null,"serie":null,"corrIntUni":null,"contribuyente":22,"venExentas":"4.33","venGravadas":"40.42","ivaDebFiscal":"5.25","vtVentas":"0.00","vtIVA":"0.00","ivaRetenido":"0.00","total":"50.00","libro":27,"ventasNSujetas":"0.00"}},{"model":"controliva.facturacontribuyente","pk":79,"fields":{"correlativo":1273,"fecha":"2020-08-01","nComprobacion":null,"serie":null,"corrIntUni":null,"contribuyente":21,"venExentas":"0.61","venGravadas":"6.54","ivaDebFiscal":"0.85","vtVentas":"0.00","vtIVA":"0.00","ivaRetenido":"0.00","total":"8.00","libro":27,"ventasNSujetas":"0.00"}},{"model":"controliva.facturacontribuyente","pk":80,"fields":{"correlativo":1272,"fecha":"2020-08-01","nComprobacion":null,"serie":null,"corrIntUni":null,"contribuyente":21,"venExentas":"0.61","venGravadas":"6.54","ivaDebFiscal":"0.85","vtVentas":"0.00","vtIVA":"0.00","ivaRetenido":"0.00","total":"8.00","libro":27,"ventasNSujetas":"0.00"}},{"model":"controliva.facturacontribuyente","pk":81,"fields":{"correlativo":1,"fecha":"2020-08-13","nComprobacion":null,"serie":null,"corrIntUni":null,"contribuyente":5,"venExentas":"0.00","venGravadas":"32.50","ivaDebFiscal":"4.23","vtVentas":"0.00","vtIVA":"0.00","ivaRetenido":"0.00","total":"36.73","libro":23,"ventasNSujetas":"0.00"}},{"model":"controliva.facturacontribuyente","pk":82,"fields":{"correlativo":2,"fecha":"2020-08-27","nComprobacion":null,"serie":null,"corrIntUni":null,"contribuyente":56,"venExentas":"0.00","venGravadas":"37.00","ivaDebFiscal":"4.81","vtVentas":"0.00","vtIVA":"0.00","ivaRetenido":"0.00","total":"41.81","libro":23,"ventasNSujetas":"0.00"}},{"model":"controliva.facturacontribuyente","pk":83,"fields":{"correlativo":200,"fecha":"2019-12-10","nComprobacion":null,"serie":null,"corrIntUni":null,"contribuyente":69,"venExentas":null,"venGravadas":"826.00","ivaDebFiscal":"107.38","vtVentas":"0.00","vtIVA":"0.00","ivaRetenido":"0.00","total":null,"libro":36,"ventasNSujetas":"0.00"}},{"model":"controliva.facturacontribuyente","pk":84,"fields":{"correlativo":199,"fecha":"2019-12-10","nComprobacion":null,"serie":null,"corrIntUni":null,"contribuyente":86,"venExentas":"0.00","venGravadas":"326.25","ivaDebFiscal":"42.41","vtVentas":"0.00","vtIVA":"0.00","ivaRetenido":"0.00","total":"368.66","libro":36,"ventasNSujetas":"0.00"}},{"model":"controliva.facturacontribuyente","pk":85,"fields":{"correlativo":198,"fecha":"2019-12-04","nComprobacion":null,"serie":null,"corrIntUni":null,"contribuyente":24,"venExentas":"0.00","venGravadas":"0.00","ivaDebFiscal":"0.00","vtVentas":"0.00","vtIVA":"0.00","ivaRetenido":"0.00","total":"0.00","libro":36,"ventasNSujetas":"0.00"}},{"model":"controliva.facturacontribuyente","pk":86,"fields":{"correlativo":36,"fecha":"2019-04-11","nComprobacion":null,"serie":null,"corrIntUni":null,"contribuyente":87,"venExentas":"0.00","venGravadas":"585.00","ivaDebFiscal":"76.05","vtVentas":"0.00","vtIVA":"0.00","ivaRetenido":"0.00","total":"661.05","libro":38,"ventasNSujetas":"0.00"}},{"model":"controliva.facturacontribuyente","pk":87,"fields":{"correlativo":43,"fecha":"2019-06-23","nComprobacion":null,"serie":null,"corrIntUni":null,"contribuyente":88,"venExentas":"0.00","venGravadas":"1248.18","ivaDebFiscal":"162.26","vtVentas":"0.00","vtIVA":"0.00","ivaRetenido":"0.00","total":"1410.44","libro":39,"ventasNSujetas":"0.00"}},{"model":"controliva.facturacontribuyente","pk":88,"fields":{"correlativo":42,"fecha":"2019-06-25","nComprobacion":null,"serie":null,"corrIntUni":null,"contribuyente":88,"venExentas":"0.00","venGravadas":"900.00","ivaDebFiscal":"117.00","vtVentas":"0.00","vtIVA":"0.00","ivaRetenido":"0.00","total":"1017.00","libro":39,"ventasNSujetas":"0.00"}},{"model":"controliva.facturacontribuyente","pk":89,"fields":{"correlativo":41,"fecha":"2019-06-20","nComprobacion":null,"serie":null,"corrIntUni":null,"contribuyente":89,"venExentas":"0.00","venGravadas":"1500.00","ivaDebFiscal":"195.00","vtVentas":"0.00","vtIVA":"0.00","ivaRetenido":"0.00","total":"1695.00","libro":39,"ventasNSujetas":"0.00"}},{"model":"controliva.facturacontribuyente","pk":90,"fields":{"correlativo":40,"fecha":"2019-06-20","nComprobacion":null,"serie":null,"corrIntUni":null,"contribuyente":89,"venExentas":"0.00","venGravadas":"3400.00","ivaDebFiscal":"442.00","vtVentas":"0.00","vtIVA":"0.00","ivaRetenido":"0.00","total":"3842.00","libro":39,"ventasNSujetas":"0.00"}},{"model":"controliva.facturacontribuyente","pk":91,"fields":{"correlativo":39,"fecha":"2019-06-19","nComprobacion":null,"serie":null,"corrIntUni":null,"contribuyente":87,"venExentas":"0.00","venGravadas":"585.00","ivaDebFiscal":"76.05","vtVentas":"0.00","vtIVA":"0.00","ivaRetenido":"0.00","total":"661.05","libro":39,"ventasNSujetas":"0.00"}},{"model":"controliva.facturacontribuyente","pk":92,"fields":{"correlativo":38,"fecha":"2019-06-07","nComprobacion":null,"serie":null,"corrIntUni":null,"contribuyente":87,"venExentas":"0.00","venGravadas":"585.00","ivaDebFiscal":"76.05","vtVentas":"0.00","vtIVA":"0.00","ivaRetenido":"0.00","total":"661.05","libro":39,"ventasNSujetas":"0.00"}},{"model":"controliva.facturacontribuyente","pk":93,"fields":{"correlativo":37,"fecha":"2019-06-07","nComprobacion":null,"serie":null,"corrIntUni":null,"contribuyente":90,"venExentas":"0.00","venGravadas":"2025.33","ivaDebFiscal":"263.29","vtVentas":"0.00","vtIVA":"0.00","ivaRetenido":"0.00","total":"2288.62","libro":39,"ventasNSujetas":"0.00"}},{"model":"controliva.facturacontribuyente","pk":94,"fields":{"correlativo":45,"fecha":"2019-07-30","nComprobacion":null,"serie":null,"corrIntUni":null,"contribuyente":88,"venExentas":"0.00","venGravadas":"1308.91","ivaDebFiscal":"170.16","vtVentas":"0.00","vtIVA":"0.00","ivaRetenido":"0.00","total":"1479.07","libro":40,"ventasNSujetas":"0.00"}},{"model":"controliva.facturacontribuyente","pk":95,"fields":{"correlativo":46,"fecha":"2019-08-13","nComprobacion":null,"serie":null,"corrIntUni":null,"contribuyente":87,"venExentas":"0.00","venGravadas":"585.00","ivaDebFiscal":"76.05","vtVentas":"0.00","vtIVA":"0.00","ivaRetenido":"0.00","total":"661.05","libro":41,"ventasNSujetas":"0.00"}},{"model":"controliva.facturacontribuyente","pk":96,"fields":{"correlativo":47,"fecha":"2019-08-26","nComprobacion":null,"serie":null,"corrIntUni":null,"contribuyente":88,"venExentas":"0.00","venGravadas":"1308.91","ivaDebFiscal":"170.16","vtVentas":"0.00","vtIVA":"0.00","ivaRetenido":"0.00","total":"1479.07","libro":41,"ventasNSujetas":"0.00"}},{"model":"controliva.facturacontribuyente","pk":97,"fields":{"correlativo":48,"fecha":"2019-09-10","nComprobacion":null,"serie":null,"corrIntUni":null,"contribuyente":91,"venExentas":"0.00","venGravadas":"750.00","ivaDebFiscal":"97.50","vtVentas":"0.00","vtIVA":"0.00","ivaRetenido":"0.00","total":"847.50","libro":42,"ventasNSujetas":"0.00"}},{"model":"controliva.facturacontribuyente","pk":98,"fields":{"correlativo":53,"fecha":"2019-12-17","nComprobacion":null,"serie":null,"corrIntUni":null,"contribuyente":24,"venExentas":"0.00","venGravadas":"0.00","ivaDebFiscal":"0.00","vtVentas":"0.00","vtIVA":"0.00","ivaRetenido":"0.00","total":"0.00","libro":43,"ventasNSujetas":"0.00"}},{"model":"controliva.facturacontribuyente","pk":99,"fields":{"correlativo":54,"fecha":"2019-12-16","nComprobacion":null,"serie":null,"corrIntUni":null,"contribuyente":89,"venExentas":"0.00","venGravadas":"9350.00","ivaDebFiscal":"1215.50","vtVentas":"0.00","vtIVA":"0.00","ivaRetenido":"0.00","total":"10565.50","libro":43,"ventasNSujetas":"0.00"}},{"model":"controliva.facturacontribuyente","pk":100,"fields":{"correlativo":55,"fecha":"2019-12-17","nComprobacion":null,"serie":null,"corrIntUni":null,"contribuyente":92,"venExentas":"0.00","venGravadas":"250.00","ivaDebFiscal":"32.50","vtVentas":"0.00","vtIVA":"0.00","ivaRetenido":"0.00","total":"282.50","libro":43,"ventasNSujetas":"0.00"}},{"model":"controliva.facturacontribuyente","pk":101,"fields":{"correlativo":50,"fecha":"2019-12-06","nComprobacion":null,"serie":null,"corrIntUni":null,"contribuyente":90,"venExentas":"0.00","venGravadas":"3250.00","ivaDebFiscal":"422.50","vtVentas":"0.00","vtIVA":"0.00","ivaRetenido":"0.00","total":"3672.50","libro":43,"ventasNSujetas":"0.00"}},{"model":"controliva.facturacontribuyente","pk":102,"fields":{"correlativo":51,"fecha":"2019-12-06","nComprobacion":null,"serie":null,"corrIntUni":null,"contribuyente":90,"venExentas":"0.00","venGravadas":"4152.98","ivaDebFiscal":"539.89","vtVentas":"0.00","vtIVA":"0.00","ivaRetenido":"0.00","total":"4692.87","libro":43,"ventasNSujetas":"0.00"}},{"model":"controliva.facturacontribuyente","pk":103,"fields":{"correlativo":52,"fecha":"2019-12-10","nComprobacion":null,"serie":null,"corrIntUni":null,"contribuyente":88,"venExentas":"0.00","venGravadas":"895.13","ivaDebFiscal":"116.37","vtVentas":"0.00","vtIVA":"0.00","ivaRetenido":"0.00","total":"1011.50","libro":43,"ventasNSujetas":"0.00"}},{"model":"controliva.facturacontribuyente","pk":104,"fields":{"correlativo":49,"fecha":"2019-10-07","nComprobacion":null,"serie":null,"corrIntUni":null,"contribuyente":87,"venExentas":"0.00","venGravadas":"585.00","ivaDebFiscal":"76.05","vtVentas":"0.00","vtIVA":"0.00","ivaRetenido":"0.00","total":"661.05","libro":45,"ventasNSujetas":"0.00"}},{"model":"controliva.facturacompras","pk":24,"fields":{"correlativo":7104,"fecha":"2020-06-05","empresa":25,"cExenteInterna":"0.00","cExenteImportaciones":"0.00","cGravadaInterna":"24.00","cGravadaImportaciones":"0.00","ivaCdtoFiscal":"3.12","totalCompra":"27.12","retencionPretencion":"0.00","anticipoCtaIva":"0.00","ivaTerceros":"0.00","comprasNSujetas":"0.00","libro":30}},{"model":"controliva.facturacompras","pk":25,"fields":{"correlativo":10942,"fecha":"2020-07-06","empresa":25,"cExenteInterna":"0.00","cExenteImportaciones":"0.00","cGravadaInterna":"24.00","cGravadaImportaciones":"0.00","ivaCdtoFiscal":"3.12","totalCompra":"27.12","retencionPretencion":"0.00","anticipoCtaIva":"0.00","ivaTerceros":"0.00","comprasNSujetas":"0.00","libro":30}},{"model":"controliva.facturacompras","pk":26,"fields":{"correlativo":14612,"fecha":"2020-08-05","empresa":25,"cExenteInterna":"0.00","cExenteImportaciones":"0.00","cGravadaInterna":"24.00","cGravadaImportaciones":"0.00","ivaCdtoFiscal":"3.12","totalCompra":"27.12","retencionPretencion":"0.00","anticipoCtaIva":"0.00","ivaTerceros":"0.00","comprasNSujetas":"0.00","libro":30}},{"model":"controliva.facturacompras","pk":27,"fields":{"correlativo":368780,"fecha":"2020-06-24","empresa":26,"cExenteInterna":"0.00","cExenteImportaciones":"0.00","cGravadaInterna":"71.79","cGravadaImportaciones":"0.00","ivaCdtoFiscal":"9.33","totalCompra":"81.12","retencionPretencion":"0.00","anticipoCtaIva":"0.00","ivaTerceros":"0.00","comprasNSujetas":"0.00","libro":30}},{"model":"controliva.facturacompras","pk":28,"fields":{"correlativo":368781,"fecha":"2020-06-24","empresa":26,"cExenteInterna":"0.00","cExenteImportaciones":"0.00","cGravadaInterna":"9.07","cGravadaImportaciones":"0.00","ivaCdtoFiscal":"1.18","totalCompra":"10.25","retencionPretencion":"0.00","anticipoCtaIva":"0.00","ivaTerceros":"0.00","comprasNSujetas":"0.00","libro":30}},{"model":"controliva.facturacompras","pk":29,"fields":{"correlativo":370956,"fecha":"2020-07-23","empresa":26,"cExenteInterna":"0.00","cExenteImportaciones":"0.00","cGravadaInterna":"76.06","cGravadaImportaciones":"0.00","ivaCdtoFiscal":"9.89","totalCompra":"85.95","retencionPretencion":"0.00","anticipoCtaIva":"0.00","ivaTerceros":"0.00","comprasNSujetas":"0.00","libro":30}},{"model":"controliva.facturacompras","pk":30,"fields":{"correlativo":31012837,"fecha":"2020-08-08","empresa":27,"cExenteInterna":"0.00","cExenteImportaciones":"0.00","cGravadaInterna":"25.99","cGravadaImportaciones":"0.00","ivaCdtoFiscal":"3.38","totalCompra":"29.37","retencionPretencion":"0.00","anticipoCtaIva":"0.00","ivaTerceros":"0.00","comprasNSujetas":"0.00","libro":30}},{"model":"controliva.facturacompras","pk":31,"fields":{"correlativo":31012836,"fecha":"2020-08-08","empresa":27,"cExenteInterna":"0.00","cExenteImportaciones":"0.00","cGravadaInterna":"34.50","cGravadaImportaciones":"0.00","ivaCdtoFiscal":"4.49","totalCompra":"38.99","retencionPretencion":"0.00","anticipoCtaIva":"0.00","ivaTerceros":"0.00","comprasNSujetas":"0.00","libro":30}},{"model":"controliva.facturacompras","pk":32,"fields":{"correlativo":31012802,"fecha":"2020-08-08","empresa":27,"cExenteInterna":"0.00","cExenteImportaciones":"0.00","cGravadaInterna":"48.06","cGravadaImportaciones":"0.00","ivaCdtoFiscal":"6.25","totalCompra":"54.31","retencionPretencion":"0.00","anticipoCtaIva":"0.00","ivaTerceros":"0.00","comprasNSujetas":"0.00","libro":30}},{"model":"controliva.facturacompras","pk":33,"fields":{"correlativo":463783,"fecha":"2020-08-07","empresa":26,"cExenteInterna":"0.00","cExenteImportaciones":"0.00","cGravadaInterna":"33.19","cGravadaImportaciones":"0.00","ivaCdtoFiscal":"4.31","totalCompra":"37.50","retencionPretencion":"0.00","anticipoCtaIva":"0.00","ivaTerceros":"0.00","comprasNSujetas":"0.00","libro":30}},{"model":"controliva.facturacompras","pk":34,"fields":{"correlativo":463232,"fecha":"2020-08-22","empresa":26,"cExenteInterna":"0.00","cExenteImportaciones":"0.00","cGravadaInterna":"111.77","cGravadaImportaciones":"0.00","ivaCdtoFiscal":"14.53","totalCompra":"126.30","retencionPretencion":"0.00","anticipoCtaIva":"0.00","ivaTerceros":"0.00","comprasNSujetas":"0.00","libro":30}},{"model":"controliva.facturacompras","pk":35,"fields":{"correlativo":121,"fecha":"2020-08-31","empresa":28,"cExenteInterna":"0.00","cExenteImportaciones":"0.00","cGravadaInterna":"65.00","cGravadaImportaciones":"0.00","ivaCdtoFiscal":"8.45","totalCompra":"73.45","retencionPretencion":"0.00","anticipoCtaIva":"0.00","ivaTerceros":"0.00","comprasNSujetas":"0.00","libro":30}},{"model":"controliva.facturacompras","pk":36,"fields":{"correlativo":122,"fecha":"2020-08-31","empresa":28,"cExenteInterna":"0.00","cExenteImportaciones":"0.00","cGravadaInterna":"195.00","cGravadaImportaciones":"0.00","ivaCdtoFiscal":"25.35","totalCompra":"220.35","retencionPretencion":"0.00","anticipoCtaIva":"0.00","ivaTerceros":"0.00","comprasNSujetas":"0.00","libro":30}},{"model":"controliva.facturacompras","pk":37,"fields":{"correlativo":260780,"fecha":"2020-07-21","empresa":29,"cExenteInterna":"0.00","cExenteImportaciones":"0.00","cGravadaInterna":"68.03","cGravadaImportaciones":"0.00","ivaCdtoFiscal":"8.84","totalCompra":"76.87","retencionPretencion":"0.00","anticipoCtaIva":"0.00","ivaTerceros":"0.00","comprasNSujetas":"0.00","libro":30}},{"model":"controliva.facturacompras","pk":38,"fields":{"correlativo":777947,"fecha":"2020-05-28","empresa":30,"cExenteInterna":"1.35","cExenteImportaciones":"0.00","cGravadaInterna":"7.66","cGravadaImportaciones":"0.00","ivaCdtoFiscal":"1.00","totalCompra":"10.01","retencionPretencion":"0.00","anticipoCtaIva":"0.00","ivaTerceros":"0.00","comprasNSujetas":"0.00","libro":30}},{"model":"controliva.facturacompras","pk":39,"fields":{"correlativo":5090,"fecha":"2020-08-07","empresa":31,"cExenteInterna":"1.85","cExenteImportaciones":"0.00","cGravadaInterna":"16.06","cGravadaImportaciones":"0.00","ivaCdtoFiscal":"2.09","totalCompra":"20.00","retencionPretencion":"0.00","anticipoCtaIva":"0.00","ivaTerceros":"0.00","comprasNSujetas":"0.00","libro":30}},{"model":"controliva.facturacompras","pk":40,"fields":{"correlativo":85905,"fecha":"2020-07-07","empresa":32,"cExenteInterna":"2.79","cExenteImportaciones":"0.00","cGravadaInterna":"15.22","cGravadaImportaciones":"0.00","ivaCdtoFiscal":"1.98","totalCompra":"19.99","retencionPretencion":"0.00","anticipoCtaIva":"0.00","ivaTerceros":"0.00","comprasNSujetas":"0.00","libro":30}},{"model":"controliva.facturacompras","pk":41,"fields":{"correlativo":97132,"fecha":"2020-06-17","empresa":26,"cExenteInterna":"97132.00","cExenteImportaciones":"0.00","cGravadaInterna":"16.77","cGravadaImportaciones":"0.00","ivaCdtoFiscal":"2.18","totalCompra":"97150.95","retencionPretencion":"0.00","anticipoCtaIva":"0.00","ivaTerceros":"0.00","comprasNSujetas":"0.00","libro":30}},{"model":"controliva.facturacompras","pk":42,"fields":{"correlativo":376184,"fecha":"2020-07-09","empresa":26,"cExenteInterna":null,"cExenteImportaciones":"0.00","cGravadaInterna":"63.94","cGravadaImportaciones":"0.00","ivaCdtoFiscal":"8.31","totalCompra":null,"retencionPretencion":"0.00","anticipoCtaIva":"0.00","ivaTerceros":"0.00","comprasNSujetas":"0.00","libro":30}},{"model":"controliva.facturacompras","pk":43,"fields":{"correlativo":160619,"fecha":"2020-07-23","empresa":33,"cExenteInterna":"0.00","cExenteImportaciones":"0.00","cGravadaInterna":"11.78","cGravadaImportaciones":"0.00","ivaCdtoFiscal":"1.53","totalCompra":"13.31","retencionPretencion":"0.00","anticipoCtaIva":"0.00","ivaTerceros":"0.00","comprasNSujetas":"0.00","libro":30}},{"model":"controliva.facturacompras","pk":44,"fields":{"correlativo":271346,"fecha":"2020-07-24","empresa":34,"cExenteInterna":"0.00","cExenteImportaciones":"0.00","cGravadaInterna":"15.43","cGravadaImportaciones":"0.00","ivaCdtoFiscal":"2.01","totalCompra":"17.44","retencionPretencion":"0.00","anticipoCtaIva":"0.00","ivaTerceros":"0.00","comprasNSujetas":"0.00","libro":30}},{"model":"controliva.facturacompras","pk":47,"fields":{"correlativo":246,"fecha":"2020-08-05","empresa":37,"cExenteInterna":"0.00","cExenteImportaciones":"0.00","cGravadaInterna":"7.96","cGravadaImportaciones":"0.00","ivaCdtoFiscal":"1.03","totalCompra":"8.99","retencionPretencion":"0.00","anticipoCtaIva":"0.00","ivaTerceros":"0.00","comprasNSujetas":"0.00","libro":31}},{"model":"controliva.facturacompras","pk":48,"fields":{"correlativo":685373,"fecha":"2020-08-28","empresa":38,"cExenteInterna":"0.00","cExenteImportaciones":"0.00","cGravadaInterna":"96.97","cGravadaImportaciones":"0.00","ivaCdtoFiscal":"12.61","totalCompra":"109.58","retencionPretencion":"0.00","anticipoCtaIva":"0.00","ivaTerceros":"0.00","comprasNSujetas":"0.00","libro":31}},{"model":"controliva.facturacompras","pk":51,"fields":{"correlativo":293026,"fecha":"2020-08-08","empresa":41,"cExenteInterna":"0.00","cExenteImportaciones":"0.00","cGravadaInterna":"9.33","cGravadaImportaciones":"0.00","ivaCdtoFiscal":"1.21","totalCompra":"10.54","retencionPretencion":"0.00","anticipoCtaIva":"0.00","ivaTerceros":"0.00","comprasNSujetas":"0.00","libro":31}},{"model":"controliva.facturacompras","pk":52,"fields":{"correlativo":562758,"fecha":"2020-08-12","empresa":42,"cExenteInterna":"0.00","cExenteImportaciones":"0.00","cGravadaInterna":"18.53","cGravadaImportaciones":"0.00","ivaCdtoFiscal":"2.41","totalCompra":"20.94","retencionPretencion":"0.00","anticipoCtaIva":"0.00","ivaTerceros":"0.00","comprasNSujetas":"0.00","libro":31}},{"model":"controliva.facturacompras","pk":53,"fields":{"correlativo":464276,"fecha":"2020-08-04","empresa":42,"cExenteInterna":"0.00","cExenteImportaciones":"0.00","cGravadaInterna":"23.19","cGravadaImportaciones":"0.00","ivaCdtoFiscal":"3.01","totalCompra":"26.20","retencionPretencion":"0.00","anticipoCtaIva":"0.00","ivaTerceros":"0.00","comprasNSujetas":"0.00","libro":31}},{"model":"controliva.facturacompras","pk":54,"fields":{"correlativo":564124,"fecha":"2020-08-21","empresa":42,"cExenteInterna":"0.00","cExenteImportaciones":"0.00","cGravadaInterna":"23.16","cGravadaImportaciones":"0.00","ivaCdtoFiscal":"3.01","totalCompra":"26.17","retencionPretencion":"0.00","anticipoCtaIva":"0.00","ivaTerceros":"0.00","comprasNSujetas":"0.00","libro":31}},{"model":"controliva.facturacompras","pk":55,"fields":{"correlativo":201797,"fecha":"2020-08-27","empresa":44,"cExenteInterna":"0.00","cExenteImportaciones":"0.00","cGravadaInterna":"591.32","cGravadaImportaciones":"0.00","ivaCdtoFiscal":"76.87","totalCompra":"668.19","retencionPretencion":"0.00","anticipoCtaIva":"0.00","ivaTerceros":"0.00","comprasNSujetas":"0.00","libro":31}},{"model":"controliva.facturacompras","pk":56,"fields":{"correlativo":9786858,"fecha":"2020-08-11","empresa":45,"cExenteInterna":"0.00","cExenteImportaciones":"0.00","cGravadaInterna":"4.40","cGravadaImportaciones":"0.00","ivaCdtoFiscal":"0.57","totalCompra":"4.97","retencionPretencion":"0.00","anticipoCtaIva":"0.00","ivaTerceros":"0.00","comprasNSujetas":"0.00","libro":31}},{"model":"controliva.facturacompras","pk":57,"fields":{"correlativo":6581,"fecha":"2020-08-10","empresa":46,"cExenteInterna":"0.00","cExenteImportaciones":"0.00","cGravadaInterna":"49.00","cGravadaImportaciones":"0.00","ivaCdtoFiscal":"6.37","totalCompra":"55.37","retencionPretencion":"0.00","anticipoCtaIva":"0.00","ivaTerceros":"0.00","comprasNSujetas":"0.00","libro":31}},{"model":"controliva.facturacompras","pk":58,"fields":{"correlativo":35061,"fecha":"2020-08-22","empresa":47,"cExenteInterna":"1000.00","cExenteImportaciones":"0.00","cGravadaInterna":"8671.00","cGravadaImportaciones":"0.00","ivaCdtoFiscal":"1127.23","totalCompra":"10798.23","retencionPretencion":"86.71","anticipoCtaIva":"0.00","ivaTerceros":"0.00","comprasNSujetas":"0.00","libro":31}},{"model":"controliva.facturacompras","pk":59,"fields":{"correlativo":34570,"fecha":"2020-08-12","empresa":47,"cExenteInterna":"1600.00","cExenteImportaciones":"0.00","cGravadaInterna":"13983.70","cGravadaImportaciones":"0.00","ivaCdtoFiscal":"1817.88","totalCompra":"17401.58","retencionPretencion":"139.84","anticipoCtaIva":"0.00","ivaTerceros":"0.00","comprasNSujetas":"0.00","libro":31}},{"model":"controliva.facturacompras","pk":60,"fields":{"correlativo":37568,"fecha":"2020-08-11","empresa":47,"cExenteInterna":"0.00","cExenteImportaciones":"0.00","cGravadaInterna":"1440.01","cGravadaImportaciones":"0.00","ivaCdtoFiscal":"187.20","totalCompra":"1627.21","retencionPretencion":"14.40","anticipoCtaIva":"0.00","ivaTerceros":"0.00","comprasNSujetas":"0.00","libro":31}},{"model":"controliva.facturacompras","pk":61,"fields":{"correlativo":34184,"fecha":"2020-08-05","empresa":47,"cExenteInterna":"400.00","cExenteImportaciones":"0.00","cGravadaInterna":"3577.20","cGravadaImportaciones":"0.00","ivaCdtoFiscal":"465.04","totalCompra":"4442.24","retencionPretencion":"35.77","anticipoCtaIva":"0.00","ivaTerceros":"0.00","comprasNSujetas":"0.00","libro":31}},{"model":"controliva.facturacompras","pk":62,"fields":{"correlativo":10928,"fecha":"2020-01-30","empresa":57,"cExenteInterna":"0.00","cExenteImportaciones":"0.00","cGravadaInterna":"11.70","cGravadaImportaciones":"0.00","ivaCdtoFiscal":"1.52","totalCompra":"13.22","retencionPretencion":"0.00","anticipoCtaIva":"0.00","ivaTerceros":"0.00","comprasNSujetas":"0.00","libro":24}},{"model":"controliva.facturacompras","pk":63,"fields":{"correlativo":18402,"fecha":"2020-01-30","empresa":58,"cExenteInterna":"0.00","cExenteImportaciones":"0.00","cGravadaInterna":"16.37","cGravadaImportaciones":"0.00","ivaCdtoFiscal":"2.13","totalCompra":"18.50","retencionPretencion":"0.00","anticipoCtaIva":"0.00","ivaTerceros":"0.00","comprasNSujetas":"0.00","libro":24}},{"model":"controliva.facturacompras","pk":64,"fields":{"correlativo":187869,"fecha":"2020-01-27","empresa":59,"cExenteInterna":"0.00","cExenteImportaciones":"0.00","cGravadaInterna":"21.24","cGravadaImportaciones":"0.00","ivaCdtoFiscal":"2.76","totalCompra":"24.00","retencionPretencion":"0.00","anticipoCtaIva":"0.00","ivaTerceros":"0.00","comprasNSujetas":"0.00","libro":24}},{"model":"controliva.facturacompras","pk":65,"fields":{"correlativo":14,"fecha":"2020-01-24","empresa":60,"cExenteInterna":"0.00","cExenteImportaciones":"0.00","cGravadaInterna":"18.00","cGravadaImportaciones":"0.00","ivaCdtoFiscal":"2.34","totalCompra":"20.34","retencionPretencion":"0.00","anticipoCtaIva":"0.00","ivaTerceros":"0.00","comprasNSujetas":"0.00","libro":24}},{"model":"controliva.facturacompras","pk":66,"fields":{"correlativo":945451,"fecha":"2020-01-18","empresa":33,"cExenteInterna":"0.00","cExenteImportaciones":"0.00","cGravadaInterna":"13.98","cGravadaImportaciones":"0.00","ivaCdtoFiscal":"1.82","totalCompra":"15.80","retencionPretencion":"0.00","anticipoCtaIva":"0.00","ivaTerceros":"0.00","comprasNSujetas":"0.00","libro":24}},{"model":"controliva.facturacompras","pk":67,"fields":{"correlativo":945450,"fecha":"2020-01-18","empresa":33,"cExenteInterna":"0.00","cExenteImportaciones":"0.00","cGravadaInterna":"79.87","cGravadaImportaciones":"0.00","ivaCdtoFiscal":"10.38","totalCompra":"90.25","retencionPretencion":"0.00","anticipoCtaIva":"0.00","ivaTerceros":"0.00","comprasNSujetas":"0.00","libro":24}},{"model":"controliva.facturacompras","pk":68,"fields":{"correlativo":903079,"fecha":"2020-01-16","empresa":61,"cExenteInterna":"0.00","cExenteImportaciones":"0.00","cGravadaInterna":"105.39","cGravadaImportaciones":"0.00","ivaCdtoFiscal":"13.70","totalCompra":"119.09","retencionPretencion":"0.00","anticipoCtaIva":"0.00","ivaTerceros":"0.00","comprasNSujetas":"0.00","libro":24}},{"model":"controliva.facturacompras","pk":69,"fields":{"correlativo":29248,"fecha":"2020-01-17","empresa":62,"cExenteInterna":"0.00","cExenteImportaciones":"0.00","cGravadaInterna":"12.75","cGravadaImportaciones":"0.00","ivaCdtoFiscal":"1.66","totalCompra":"14.41","retencionPretencion":"0.00","anticipoCtaIva":"0.00","ivaTerceros":"0.00","comprasNSujetas":"0.00","libro":24}},{"model":"controliva.facturacompras","pk":70,"fields":{"correlativo":29248,"fecha":"2020-01-17","empresa":62,"cExenteInterna":"0.00","cExenteImportaciones":"0.00","cGravadaInterna":"12.75","cGravadaImportaciones":"0.00","ivaCdtoFiscal":"1.66","totalCompra":"14.41","retencionPretencion":"0.00","anticipoCtaIva":"0.00","ivaTerceros":"0.00","comprasNSujetas":"0.00","libro":24}},{"model":"controliva.facturacompras","pk":71,"fields":{"correlativo":29248,"fecha":"2020-01-17","empresa":62,"cExenteInterna":"0.00","cExenteImportaciones":"0.00","cGravadaInterna":"12.75","cGravadaImportaciones":"0.00","ivaCdtoFiscal":"1.66","totalCompra":"14.41","retencionPretencion":"0.00","anticipoCtaIva":"0.00","ivaTerceros":"0.00","comprasNSujetas":"0.00","libro":24}},{"model":"controliva.facturacompras","pk":72,"fields":{"correlativo":176677,"fecha":"2020-01-08","empresa":63,"cExenteInterna":"0.00","cExenteImportaciones":"0.00","cGravadaInterna":"26.67","cGravadaImportaciones":"0.00","ivaCdtoFiscal":"3.47","totalCompra":"30.14","retencionPretencion":"0.00","anticipoCtaIva":"0.00","ivaTerceros":"0.00","comprasNSujetas":"0.00","libro":24}},{"model":"controliva.facturacompras","pk":73,"fields":{"correlativo":2423866,"fecha":"2020-01-10","empresa":64,"cExenteInterna":"0.00","cExenteImportaciones":"0.00","cGravadaInterna":"6.91","cGravadaImportaciones":"0.00","ivaCdtoFiscal":"0.90","totalCompra":"7.81","retencionPretencion":"0.00","anticipoCtaIva":"0.00","ivaTerceros":"0.00","comprasNSujetas":"0.00","libro":24}},{"model":"controliva.facturacompras","pk":74,"fields":{"correlativo":3139,"fecha":"2020-01-13","empresa":60,"cExenteInterna":"0.00","cExenteImportaciones":"0.00","cGravadaInterna":"11.00","cGravadaImportaciones":"0.00","ivaCdtoFiscal":"1.43","totalCompra":"12.43","retencionPretencion":"0.00","anticipoCtaIva":"0.00","ivaTerceros":"0.00","comprasNSujetas":"0.00","libro":24}},{"model":"controliva.facturacompras","pk":75,"fields":{"correlativo":18160,"fecha":"2020-01-08","empresa":58,"cExenteInterna":"0.00","cExenteImportaciones":"0.00","cGravadaInterna":"7.96","cGravadaImportaciones":"0.00","ivaCdtoFiscal":"1.03","totalCompra":"8.99","retencionPretencion":"0.00","anticipoCtaIva":"0.00","ivaTerceros":"0.00","comprasNSujetas":"0.00","libro":24}},{"model":"controliva.facturacompras","pk":76,"fields":{"correlativo":3074,"fecha":"2020-01-08","empresa":60,"cExenteInterna":"0.00","cExenteImportaciones":"0.00","cGravadaInterna":"10.00","cGravadaImportaciones":"0.00","ivaCdtoFiscal":"1.30","totalCompra":"11.30","retencionPretencion":"0.00","anticipoCtaIva":"0.00","ivaTerceros":"0.00","comprasNSujetas":"0.00","libro":24}},{"model":"controliva.facturacompras","pk":77,"fields":{"correlativo":301497,"fecha":"2020-01-03","empresa":42,"cExenteInterna":"0.00","cExenteImportaciones":"0.00","cGravadaInterna":"4.79","cGravadaImportaciones":"0.00","ivaCdtoFiscal":"0.62","totalCompra":"5.41","retencionPretencion":"0.00","anticipoCtaIva":"0.00","ivaTerceros":"0.00","comprasNSujetas":"0.00","libro":24}},{"model":"controliva.facturacompras","pk":78,"fields":{"correlativo":829639,"fecha":"2020-01-04","empresa":33,"cExenteInterna":"0.00","cExenteImportaciones":"0.00","cGravadaInterna":"6.64","cGravadaImportaciones":"0.00","ivaCdtoFiscal":"0.86","totalCompra":"7.50","retencionPretencion":"0.00","anticipoCtaIva":"0.00","ivaTerceros":"0.00","comprasNSujetas":"0.00","libro":24}},{"model":"controliva.facturacompras","pk":79,"fields":{"correlativo":28406,"fecha":"2020-01-06","empresa":62,"cExenteInterna":"0.00","cExenteImportaciones":"0.00","cGravadaInterna":"11.92","cGravadaImportaciones":"0.00","ivaCdtoFiscal":"1.55","totalCompra":"13.47","retencionPretencion":"0.00","anticipoCtaIva":"0.00","ivaTerceros":"0.00","comprasNSujetas":"0.00","libro":24}},{"model":"controliva.facturacompras","pk":80,"fields":{"correlativo":4973,"fecha":"2020-01-03","empresa":65,"cExenteInterna":"0.00","cExenteImportaciones":"0.00","cGravadaInterna":"3.53","cGravadaImportaciones":"0.00","ivaCdtoFiscal":"0.46","totalCompra":"3.99","retencionPretencion":"0.00","anticipoCtaIva":"0.00","ivaTerceros":"0.00","comprasNSujetas":"0.00","libro":24}},{"model":"controliva.facturacompras","pk":81,"fields":{"correlativo":3010,"fecha":"2020-01-03","empresa":60,"cExenteInterna":"0.00","cExenteImportaciones":"0.00","cGravadaInterna":"4.50","cGravadaImportaciones":"0.00","ivaCdtoFiscal":"0.59","totalCompra":"5.09","retencionPretencion":"0.00","anticipoCtaIva":"0.00","ivaTerceros":"0.00","comprasNSujetas":"0.00","libro":24}},{"model":"controliva.facturacompras","pk":82,"fields":{"correlativo":30801058,"fecha":"2020-01-08","empresa":27,"cExenteInterna":"0.00","cExenteImportaciones":"0.00","cGravadaInterna":"5.00","cGravadaImportaciones":"0.00","ivaCdtoFiscal":"0.65","totalCompra":"5.65","retencionPretencion":"0.00","anticipoCtaIva":"0.00","ivaTerceros":"0.00","comprasNSujetas":"0.00","libro":24}},{"model":"controliva.facturacompras","pk":83,"fields":{"correlativo":30801043,"fecha":"2020-01-08","empresa":27,"cExenteInterna":"0.00","cExenteImportaciones":"0.00","cGravadaInterna":"5.00","cGravadaImportaciones":"0.00","ivaCdtoFiscal":"0.65","totalCompra":"5.65","retencionPretencion":"0.00","anticipoCtaIva":"0.00","ivaTerceros":"0.00","comprasNSujetas":"0.00","libro":24}},{"model":"controliva.facturacompras","pk":84,"fields":{"correlativo":6567615,"fecha":"2020-01-08","empresa":27,"cExenteInterna":"0.00","cExenteImportaciones":"0.00","cGravadaInterna":"21.57","cGravadaImportaciones":"0.00","ivaCdtoFiscal":"2.80","totalCompra":"24.37","retencionPretencion":"0.00","anticipoCtaIva":"0.00","ivaTerceros":"0.00","comprasNSujetas":"0.00","libro":24}},{"model":"controliva.facturacompras","pk":85,"fields":{"correlativo":30801052,"fecha":"2020-01-08","empresa":27,"cExenteInterna":"0.00","cExenteImportaciones":"0.00","cGravadaInterna":"55.80","cGravadaImportaciones":"0.00","ivaCdtoFiscal":"7.25","totalCompra":"63.05","retencionPretencion":"0.00","anticipoCtaIva":"0.00","ivaTerceros":"0.00","comprasNSujetas":"0.00","libro":24}},{"model":"controliva.facturacompras","pk":86,"fields":{"correlativo":30801066,"fecha":"2020-01-08","empresa":27,"cExenteInterna":"0.00","cExenteImportaciones":"0.00","cGravadaInterna":"25.53","cGravadaImportaciones":"0.00","ivaCdtoFiscal":"3.32","totalCompra":"28.85","retencionPretencion":"0.00","anticipoCtaIva":"0.00","ivaTerceros":"0.00","comprasNSujetas":"0.00","libro":24}},{"model":"controliva.facturacompras","pk":87,"fields":{"correlativo":30801050,"fecha":"2020-01-08","empresa":27,"cExenteInterna":"0.00","cExenteImportaciones":"0.00","cGravadaInterna":"23.00","cGravadaImportaciones":"0.00","ivaCdtoFiscal":"2.99","totalCompra":"25.99","retencionPretencion":"0.00","anticipoCtaIva":"0.00","ivaTerceros":"0.00","comprasNSujetas":"0.00","libro":24}},{"model":"controliva.facturacompras","pk":88,"fields":{"correlativo":30801059,"fecha":"2020-01-08","empresa":27,"cExenteInterna":"0.00","cExenteImportaciones":"0.00","cGravadaInterna":"18.58","cGravadaImportaciones":"0.00","ivaCdtoFiscal":"2.42","totalCompra":"21.00","retencionPretencion":"0.00","anticipoCtaIva":"0.00","ivaTerceros":"0.00","comprasNSujetas":"0.00","libro":24}},{"model":"controliva.facturacompras","pk":89,"fields":{"correlativo":60226,"fecha":"2019-12-28","empresa":66,"cExenteInterna":"0.00","cExenteImportaciones":"0.00","cGravadaInterna":"11.93","cGravadaImportaciones":"0.00","ivaCdtoFiscal":"1.55","totalCompra":"13.48","retencionPretencion":"0.00","anticipoCtaIva":"0.00","ivaTerceros":"0.00","comprasNSujetas":"0.00","libro":32}},{"model":"controliva.facturacompras","pk":90,"fields":{"correlativo":46658,"fecha":"2019-11-03","empresa":67,"cExenteInterna":"0.00","cExenteImportaciones":"0.00","cGravadaInterna":"15.88","cGravadaImportaciones":"0.00","ivaCdtoFiscal":"2.06","totalCompra":"17.94","retencionPretencion":"0.00","anticipoCtaIva":"0.00","ivaTerceros":"0.00","comprasNSujetas":"0.00","libro":32}},{"model":"controliva.facturacompras","pk":91,"fields":{"correlativo":1439066,"fecha":"2019-10-25","empresa":68,"cExenteInterna":"0.00","cExenteImportaciones":"0.00","cGravadaInterna":"7.95","cGravadaImportaciones":"0.00","ivaCdtoFiscal":"1.03","totalCompra":"8.98","retencionPretencion":"0.00","anticipoCtaIva":"0.00","ivaTerceros":"0.00","comprasNSujetas":"0.00","libro":32}},{"model":"controliva.facturacompras","pk":92,"fields":{"correlativo":27038,"fecha":"2019-12-14","empresa":62,"cExenteInterna":"0.00","cExenteImportaciones":"0.00","cGravadaInterna":"8.35","cGravadaImportaciones":"0.00","ivaCdtoFiscal":"1.09","totalCompra":"9.44","retencionPretencion":"0.00","anticipoCtaIva":"0.00","ivaTerceros":"0.00","comprasNSujetas":"0.00","libro":32}},{"model":"controliva.facturacompras","pk":93,"fields":{"correlativo":29855,"fecha":"2019-12-10","empresa":69,"cExenteInterna":"0.00","cExenteImportaciones":"0.00","cGravadaInterna":"0.00","cGravadaImportaciones":"0.00","ivaCdtoFiscal":"0.00","totalCompra":"0.00","retencionPretencion":"8.26","anticipoCtaIva":"0.00","ivaTerceros":"0.00","comprasNSujetas":"0.00","libro":32}},{"model":"controliva.facturacompras","pk":94,"fields":{"correlativo":27461,"fecha":"2019-12-20","empresa":62,"cExenteInterna":"0.00","cExenteImportaciones":"0.00","cGravadaInterna":"13.51","cGravadaImportaciones":"0.00","ivaCdtoFiscal":"1.76","totalCompra":"15.27","retencionPretencion":"0.00","anticipoCtaIva":"0.00","ivaTerceros":"0.00","comprasNSujetas":"0.00","libro":32}},{"model":"controliva.facturacompras","pk":95,"fields":{"correlativo":26771,"fecha":"2019-12-11","empresa":62,"cExenteInterna":"0.00","cExenteImportaciones":"0.00","cGravadaInterna":"12.73","cGravadaImportaciones":"0.00","ivaCdtoFiscal":"1.65","totalCompra":"14.38","retencionPretencion":"0.00","anticipoCtaIva":"0.00","ivaTerceros":"0.00","comprasNSujetas":"0.00","libro":32}},{"model":"controliva.facturacompras","pk":96,"fields":{"correlativo":1441366,"fecha":"2019-10-26","empresa":68,"cExenteInterna":"0.00","cExenteImportaciones":"0.00","cGravadaInterna":"15.90","cGravadaImportaciones":"0.00","ivaCdtoFiscal":"2.07","totalCompra":"17.97","retencionPretencion":"0.00","anticipoCtaIva":"0.00","ivaTerceros":"0.00","comprasNSujetas":"0.00","libro":32}},{"model":"controliva.facturacompras","pk":97,"fields":{"correlativo":1441366,"fecha":"2019-10-26","empresa":68,"cExenteInterna":"0.00","cExenteImportaciones":"0.00","cGravadaInterna":"15.90","cGravadaImportaciones":"0.00","ivaCdtoFiscal":"2.07","totalCompra":"17.97","retencionPretencion":"0.00","anticipoCtaIva":"0.00","ivaTerceros":"0.00","comprasNSujetas":"0.00","libro":32}},{"model":"controliva.facturacompras","pk":98,"fields":{"correlativo":24185,"fecha":"2019-12-10","empresa":70,"cExenteInterna":"0.00","cExenteImportaciones":"0.00","cGravadaInterna":"0.00","cGravadaImportaciones":"0.00","ivaCdtoFiscal":"0.00","totalCompra":"0.00","retencionPretencion":"0.00","anticipoCtaIva":"0.00","ivaTerceros":"0.00","comprasNSujetas":"0.00","libro":32}},{"model":"controliva.facturacompras","pk":99,"fields":{"correlativo":88642,"fecha":"2019-11-02","empresa":71,"cExenteInterna":"0.00","cExenteImportaciones":"0.00","cGravadaInterna":"12.03","cGravadaImportaciones":"0.00","ivaCdtoFiscal":"1.56","totalCompra":"13.59","retencionPretencion":"0.00","anticipoCtaIva":"0.00","ivaTerceros":"0.00","comprasNSujetas":"0.00","libro":32}},{"model":"controliva.facturacompras","pk":100,"fields":{"correlativo":1158225,"fecha":"2019-12-03","empresa":34,"cExenteInterna":"0.00","cExenteImportaciones":"0.00","cGravadaInterna":"33.63","cGravadaImportaciones":"0.00","ivaCdtoFiscal":"4.37","totalCompra":"38.00","retencionPretencion":"0.00","anticipoCtaIva":"0.00","ivaTerceros":"0.00","comprasNSujetas":"0.00","libro":32}},{"model":"controliva.facturacompras","pk":101,"fields":{"correlativo":5822,"fecha":"2019-12-11","empresa":72,"cExenteInterna":"0.00","cExenteImportaciones":"0.00","cGravadaInterna":"77.65","cGravadaImportaciones":"0.00","ivaCdtoFiscal":"10.09","totalCompra":"87.74","retencionPretencion":"0.00","anticipoCtaIva":"0.00","ivaTerceros":"0.00","comprasNSujetas":"0.00","libro":32}},{"model":"controliva.facturacompras","pk":103,"fields":{"correlativo":2740,"fecha":"2019-12-05","empresa":60,"cExenteInterna":"0.00","cExenteImportaciones":"0.00","cGravadaInterna":"6.11","cGravadaImportaciones":"0.00","ivaCdtoFiscal":"0.79","totalCompra":"6.90","retencionPretencion":"0.00","anticipoCtaIva":"0.00","ivaTerceros":"0.00","comprasNSujetas":"0.00","libro":32}},{"model":"controliva.facturacompras","pk":104,"fields":{"correlativo":2740,"fecha":"2019-12-05","empresa":60,"cExenteInterna":"0.00","cExenteImportaciones":"0.00","cGravadaInterna":"6.11","cGravadaImportaciones":"0.00","ivaCdtoFiscal":"0.79","totalCompra":"6.90","retencionPretencion":"0.00","anticipoCtaIva":"0.00","ivaTerceros":"0.00","comprasNSujetas":"0.00","libro":32}},{"model":"controliva.facturacompras","pk":105,"fields":{"correlativo":134771,"fecha":"2019-12-01","empresa":74,"cExenteInterna":"0.00","cExenteImportaciones":"0.00","cGravadaInterna":"11.95","cGravadaImportaciones":"0.00","ivaCdtoFiscal":"1.55","totalCompra":"13.50","retencionPretencion":"0.00","anticipoCtaIva":"0.00","ivaTerceros":"0.00","comprasNSujetas":"0.00","libro":32}},{"model":"controliva.facturacompras","pk":106,"fields":{"correlativo":26179,"fecha":"2019-12-03","empresa":62,"cExenteInterna":"0.00","cExenteImportaciones":"0.00","cGravadaInterna":"7.98","cGravadaImportaciones":"0.00","ivaCdtoFiscal":"1.04","totalCompra":"9.02","retencionPretencion":"0.00","anticipoCtaIva":"0.00","ivaTerceros":"0.00","comprasNSujetas":"0.00","libro":32}},{"model":"controliva.facturacompras","pk":107,"fields":{"correlativo":12104,"fecha":"2019-12-30","empresa":75,"cExenteInterna":"0.00","cExenteImportaciones":"0.00","cGravadaInterna":"7.96","cGravadaImportaciones":"0.00","ivaCdtoFiscal":"1.03","totalCompra":"8.99","retencionPretencion":"0.00","anticipoCtaIva":"0.00","ivaTerceros":"0.00","comprasNSujetas":"0.00","libro":32}},{"model":"controliva.facturacompras","pk":108,"fields":{"correlativo":12104,"fecha":"2019-12-30","empresa":75,"cExenteInterna":"0.00","cExenteImportaciones":"0.00","cGravadaInterna":"7.96","cGravadaImportaciones":"0.00","ivaCdtoFiscal":"1.03","totalCompra":"8.99","retencionPretencion":"0.00","anticipoCtaIva":"0.00","ivaTerceros":"0.00","comprasNSujetas":"0.00","libro":32}},{"model":"controliva.facturacompras","pk":109,"fields":{"correlativo":2326,"fecha":"2019-12-10","empresa":73,"cExenteInterna":"0.00","cExenteImportaciones":"0.00","cGravadaInterna":"39.03","cGravadaImportaciones":"0.00","ivaCdtoFiscal":"5.07","totalCompra":"44.10","retencionPretencion":"0.00","anticipoCtaIva":"0.00","ivaTerceros":"0.00","comprasNSujetas":"0.00","libro":32}},{"model":"controliva.facturacompras","pk":110,"fields":{"correlativo":1629,"fecha":"2019-12-19","empresa":76,"cExenteInterna":"0.00","cExenteImportaciones":"0.00","cGravadaInterna":"44.25","cGravadaImportaciones":"0.00","ivaCdtoFiscal":"5.75","totalCompra":"50.00","retencionPretencion":"0.00","anticipoCtaIva":"0.00","ivaTerceros":"0.00","comprasNSujetas":"0.00","libro":32}},{"model":"controliva.facturacompras","pk":111,"fields":{"correlativo":9366,"fecha":"2019-12-19","empresa":57,"cExenteInterna":"0.00","cExenteImportaciones":"0.00","cGravadaInterna":"24.64","cGravadaImportaciones":"0.00","ivaCdtoFiscal":"3.20","totalCompra":"27.84","retencionPretencion":"0.00","anticipoCtaIva":"0.00","ivaTerceros":"0.00","comprasNSujetas":"0.00","libro":32}},{"model":"controliva.facturacompras","pk":112,"fields":{"correlativo":5795,"fecha":"2019-10-18","empresa":57,"cExenteInterna":"0.00","cExenteImportaciones":"0.00","cGravadaInterna":"46.52","cGravadaImportaciones":"0.00","ivaCdtoFiscal":"6.05","totalCompra":"52.57","retencionPretencion":"0.00","anticipoCtaIva":"0.00","ivaTerceros":"0.00","comprasNSujetas":"0.00","libro":32}},{"model":"controliva.facturacompras","pk":113,"fields":{"correlativo":53304,"fecha":"2019-12-10","empresa":77,"cExenteInterna":"0.00","cExenteImportaciones":"0.00","cGravadaInterna":"2.60","cGravadaImportaciones":"0.00","ivaCdtoFiscal":"0.34","totalCompra":"2.94","retencionPretencion":"0.00","anticipoCtaIva":"0.00","ivaTerceros":"0.00","comprasNSujetas":"0.00","libro":32}},{"model":"controliva.facturacompras","pk":114,"fields":{"correlativo":61,"fecha":"2019-12-23","empresa":78,"cExenteInterna":"0.00","cExenteImportaciones":"0.00","cGravadaInterna":"18.58","cGravadaImportaciones":"0.00","ivaCdtoFiscal":"2.42","totalCompra":"21.00","retencionPretencion":"0.00","anticipoCtaIva":"0.00","ivaTerceros":"0.00","comprasNSujetas":"0.00","libro":32}},{"model":"controliva.facturacompras","pk":115,"fields":{"correlativo":30772041,"fecha":"2019-12-09","empresa":27,"cExenteInterna":"0.00","cExenteImportaciones":"0.00","cGravadaInterna":"63.42","cGravadaImportaciones":"0.00","ivaCdtoFiscal":"8.24","totalCompra":"71.66","retencionPretencion":"0.00","anticipoCtaIva":"0.00","ivaTerceros":"0.00","comprasNSujetas":"0.00","libro":32}},{"model":"controliva.facturacompras","pk":116,"fields":{"correlativo":30772055,"fecha":"2019-12-09","empresa":27,"cExenteInterna":"0.00","cExenteImportaciones":"0.00","cGravadaInterna":"22.50","cGravadaImportaciones":"0.00","ivaCdtoFiscal":"2.93","totalCompra":"25.43","retencionPretencion":"0.00","anticipoCtaIva":"0.00","ivaTerceros":"0.00","comprasNSujetas":"0.00","libro":32}},{"model":"controliva.facturacompras","pk":118,"fields":{"correlativo":48885,"fecha":"2020-08-10","empresa":62,"cExenteInterna":"11.57","cExenteImportaciones":"0.00","cGravadaInterna":"100.38","cGravadaImportaciones":"0.00","ivaCdtoFiscal":"13.05","totalCompra":"125.00","retencionPretencion":"0.00","anticipoCtaIva":"0.00","ivaTerceros":"0.00","comprasNSujetas":"0.00","libro":33}},{"model":"controliva.facturacompras","pk":119,"fields":{"correlativo":718333,"fecha":"2020-08-05","empresa":30,"cExenteInterna":"2.78","cExenteImportaciones":"0.00","cGravadaInterna":"24.09","cGravadaImportaciones":"0.00","ivaCdtoFiscal":"3.13","totalCompra":"30.00","retencionPretencion":"0.00","anticipoCtaIva":"0.00","ivaTerceros":"0.00","comprasNSujetas":"0.00","libro":33}},{"model":"controliva.facturacompras","pk":120,"fields":{"correlativo":400257,"fecha":"2020-08-12","empresa":68,"cExenteInterna":"0.77","cExenteImportaciones":"0.00","cGravadaInterna":"8.17","cGravadaImportaciones":"0.00","ivaCdtoFiscal":"1.06","totalCompra":"10.00","retencionPretencion":"0.00","anticipoCtaIva":"0.00","ivaTerceros":"0.00","comprasNSujetas":"0.00","libro":33}},{"model":"controliva.facturacompras","pk":121,"fields":{"correlativo":718896,"fecha":"2020-08-18","empresa":30,"cExenteInterna":"2.78","cExenteImportaciones":"0.00","cGravadaInterna":"24.09","cGravadaImportaciones":"0.00","ivaCdtoFiscal":"3.13","totalCompra":"30.00","retencionPretencion":"0.00","anticipoCtaIva":"0.00","ivaTerceros":"0.00","comprasNSujetas":"0.00","libro":33}},{"model":"controliva.facturacompras","pk":122,"fields":{"correlativo":290540,"fecha":"2020-08-10","empresa":79,"cExenteInterna":"9.26","cExenteImportaciones":"0.00","cGravadaInterna":"80.30","cGravadaImportaciones":"0.00","ivaCdtoFiscal":"10.44","totalCompra":"100.00","retencionPretencion":"0.00","anticipoCtaIva":"0.00","ivaTerceros":"0.00","comprasNSujetas":"0.00","libro":33}},{"model":"controliva.facturacompras","pk":123,"fields":{"correlativo":290923,"fecha":"2020-08-10","empresa":79,"cExenteInterna":"11.11","cExenteImportaciones":"0.00","cGravadaInterna":"96.36","cGravadaImportaciones":"0.00","ivaCdtoFiscal":"12.53","totalCompra":"120.00","retencionPretencion":"0.00","anticipoCtaIva":"0.00","ivaTerceros":"0.00","comprasNSujetas":"0.00","libro":33}},{"model":"controliva.facturacompras","pk":124,"fields":{"correlativo":55380,"fecha":"2020-08-13","empresa":71,"cExenteInterna":"0.82","cExenteImportaciones":"0.00","cGravadaInterna":"8.12","cGravadaImportaciones":"0.00","ivaCdtoFiscal":"1.06","totalCompra":"10.00","retencionPretencion":"0.00","anticipoCtaIva":"0.00","ivaTerceros":"0.00","comprasNSujetas":"0.00","libro":33}},{"model":"controliva.facturacompras","pk":125,"fields":{"correlativo":55758,"fecha":"2020-08-15","empresa":71,"cExenteInterna":"1.22","cExenteImportaciones":"0.00","cGravadaInterna":"12.19","cGravadaImportaciones":"0.00","ivaCdtoFiscal":"1.59","totalCompra":"15.00","retencionPretencion":"0.00","anticipoCtaIva":"0.00","ivaTerceros":"0.00","comprasNSujetas":"0.00","libro":33}},{"model":"controliva.facturacompras","pk":126,"fields":{"correlativo":401119,"fecha":"2020-08-15","empresa":68,"cExenteInterna":"0.78","cExenteImportaciones":"0.00","cGravadaInterna":"8.16","cGravadaImportaciones":"0.00","ivaCdtoFiscal":"1.06","totalCompra":"10.00","retencionPretencion":"0.00","anticipoCtaIva":"0.00","ivaTerceros":"0.00","comprasNSujetas":"0.00","libro":33}},{"model":"controliva.facturacompras","pk":127,"fields":{"correlativo":292432,"fecha":"2020-08-15","empresa":79,"cExenteInterna":"14.08","cExenteImportaciones":"0.00","cGravadaInterna":"120.28","cGravadaImportaciones":"0.00","ivaCdtoFiscal":"15.64","totalCompra":"150.00","retencionPretencion":"0.00","anticipoCtaIva":"0.00","ivaTerceros":"0.00","comprasNSujetas":"0.00","libro":33}},{"model":"controliva.facturacompras","pk":128,"fields":{"correlativo":293124,"fecha":"2020-08-17","empresa":79,"cExenteInterna":"7.51","cExenteImportaciones":"0.00","cGravadaInterna":"64.15","cGravadaImportaciones":"0.00","ivaCdtoFiscal":"8.34","totalCompra":"80.00","retencionPretencion":"0.00","anticipoCtaIva":"0.00","ivaTerceros":"0.00","comprasNSujetas":"0.00","libro":33}},{"model":"controliva.facturacompras","pk":129,"fields":{"correlativo":294300,"fecha":"2020-08-20","empresa":79,"cExenteInterna":"9.39","cExenteImportaciones":"0.00","cGravadaInterna":"80.19","cGravadaImportaciones":"0.00","ivaCdtoFiscal":"10.42","totalCompra":"100.00","retencionPretencion":"0.00","anticipoCtaIva":"0.00","ivaTerceros":"0.00","comprasNSujetas":"0.00","libro":33}},{"model":"controliva.facturacompras","pk":130,"fields":{"correlativo":57061,"fecha":"2020-08-22","empresa":71,"cExenteInterna":"0.77","cExenteImportaciones":"0.00","cGravadaInterna":"8.17","cGravadaImportaciones":"0.00","ivaCdtoFiscal":"1.06","totalCompra":"10.00","retencionPretencion":"0.00","anticipoCtaIva":"0.00","ivaTerceros":"0.00","comprasNSujetas":"0.00","libro":33}},{"model":"controliva.facturacompras","pk":131,"fields":{"correlativo":288524,"fecha":"2020-08-23","empresa":79,"cExenteInterna":"9.26","cExenteImportaciones":"0.00","cGravadaInterna":"80.30","cGravadaImportaciones":"0.00","ivaCdtoFiscal":"10.44","totalCompra":"100.00","retencionPretencion":"0.00","anticipoCtaIva":"0.00","ivaTerceros":"0.00","comprasNSujetas":"0.00","libro":33}},{"model":"controliva.facturacompras","pk":132,"fields":{"correlativo":56660,"fecha":"2020-08-20","empresa":71,"cExenteInterna":"0.82","cExenteImportaciones":"0.00","cGravadaInterna":"8.12","cGravadaImportaciones":"0.00","ivaCdtoFiscal":"1.06","totalCompra":"10.00","retencionPretencion":"0.00","anticipoCtaIva":"0.00","ivaTerceros":"0.00","comprasNSujetas":"0.00","libro":33}},{"model":"controliva.facturacompras","pk":133,"fields":{"correlativo":294589,"fecha":"2020-08-21","empresa":79,"cExenteInterna":"9.39","cExenteImportaciones":"0.00","cGravadaInterna":"80.19","cGravadaImportaciones":"0.00","ivaCdtoFiscal":"10.42","totalCompra":"100.00","retencionPretencion":"0.00","anticipoCtaIva":"0.00","ivaTerceros":"0.00","comprasNSujetas":"0.00","libro":33}},{"model":"controliva.facturacompras","pk":134,"fields":{"correlativo":29591,"fecha":"2020-08-21","empresa":79,"cExenteInterna":"18.78","cExenteImportaciones":"0.00","cGravadaInterna":"160.37","cGravadaImportaciones":"0.00","ivaCdtoFiscal":"20.85","totalCompra":"200.00","retencionPretencion":"0.00","anticipoCtaIva":"0.00","ivaTerceros":"0.00","comprasNSujetas":"0.00","libro":33}},{"model":"controliva.facturacompras","pk":135,"fields":{"correlativo":57892,"fecha":"2020-08-27","empresa":71,"cExenteInterna":"0.81","cExenteImportaciones":"0.00","cGravadaInterna":"8.13","cGravadaImportaciones":"0.00","ivaCdtoFiscal":"1.06","totalCompra":"10.00","retencionPretencion":"0.00","anticipoCtaIva":"0.00","ivaTerceros":"0.00","comprasNSujetas":"0.00","libro":33}},{"model":"controliva.facturacompras","pk":136,"fields":{"correlativo":297747,"fecha":"2020-08-21","empresa":79,"cExenteInterna":"9.48","cExenteImportaciones":"0.00","cGravadaInterna":"80.11","cGravadaImportaciones":"0.00","ivaCdtoFiscal":"10.41","totalCompra":"100.00","retencionPretencion":"0.00","anticipoCtaIva":"0.00","ivaTerceros":"0.00","comprasNSujetas":"0.00","libro":33}},{"model":"controliva.facturacompras","pk":137,"fields":{"correlativo":295648,"fecha":"2020-08-24","empresa":79,"cExenteInterna":"11.74","cExenteImportaciones":"0.00","cGravadaInterna":"100.23","cGravadaImportaciones":"0.00","ivaCdtoFiscal":"13.03","totalCompra":"125.00","retencionPretencion":"0.00","anticipoCtaIva":"0.00","ivaTerceros":"0.00","comprasNSujetas":"0.00","libro":33}},{"model":"controliva.facturacompras","pk":138,"fields":{"correlativo":297907,"fecha":"2020-08-31","empresa":79,"cExenteInterna":"10.43","cExenteImportaciones":"0.00","cGravadaInterna":"88.11","cGravadaImportaciones":"0.00","ivaCdtoFiscal":"11.46","totalCompra":"110.00","retencionPretencion":"0.00","anticipoCtaIva":"0.00","ivaTerceros":"0.00","comprasNSujetas":"0.00","libro":33}},{"model":"controliva.facturacompras","pk":139,"fields":{"correlativo":722365,"fecha":"2020-08-31","empresa":30,"cExenteInterna":"14.22","cExenteImportaciones":"0.00","cGravadaInterna":"120.16","cGravadaImportaciones":"0.00","ivaCdtoFiscal":"15.62","totalCompra":"150.00","retencionPretencion":"0.00","anticipoCtaIva":"0.00","ivaTerceros":"0.00","comprasNSujetas":"0.00","libro":33}},{"model":"controliva.facturacompras","pk":140,"fields":{"correlativo":79809,"fecha":"2020-08-31","empresa":80,"cExenteInterna":"0.38","cExenteImportaciones":"0.00","cGravadaInterna":"4.09","cGravadaImportaciones":"0.00","ivaCdtoFiscal":"0.53","totalCompra":"5.00","retencionPretencion":"0.00","anticipoCtaIva":"0.00","ivaTerceros":"0.00","comprasNSujetas":"0.00","libro":33}},{"model":"controliva.facturacompras","pk":141,"fields":{"correlativo":33218,"fecha":"2020-08-01","empresa":81,"cExenteInterna":"0.00","cExenteImportaciones":"0.00","cGravadaInterna":"70.71","cGravadaImportaciones":"0.00","ivaCdtoFiscal":"9.19","totalCompra":"79.90","retencionPretencion":"0.00","anticipoCtaIva":"0.00","ivaTerceros":"0.00","comprasNSujetas":"0.00","libro":33}},{"model":"controliva.facturacompras","pk":142,"fields":{"correlativo":33228,"fecha":"2020-08-01","empresa":81,"cExenteInterna":"0.00","cExenteImportaciones":"0.00","cGravadaInterna":"35.35","cGravadaImportaciones":"0.00","ivaCdtoFiscal":"4.60","totalCompra":"39.95","retencionPretencion":"0.00","anticipoCtaIva":"0.00","ivaTerceros":"0.00","comprasNSujetas":"0.00","libro":33}},{"model":"controliva.facturacompras","pk":143,"fields":{"correlativo":32200,"fecha":"2020-08-02","empresa":81,"cExenteInterna":"0.00","cExenteImportaciones":"0.00","cGravadaInterna":"106.06","cGravadaImportaciones":"0.00","ivaCdtoFiscal":"13.79","totalCompra":"119.85","retencionPretencion":"0.00","anticipoCtaIva":"0.00","ivaTerceros":"0.00","comprasNSujetas":"0.00","libro":33}},{"model":"controliva.facturacompras","pk":144,"fields":{"correlativo":31585,"fecha":"2020-08-03","empresa":81,"cExenteInterna":"0.00","cExenteImportaciones":"0.00","cGravadaInterna":"72.92","cGravadaImportaciones":"0.00","ivaCdtoFiscal":"9.48","totalCompra":"82.40","retencionPretencion":"0.00","anticipoCtaIva":"0.00","ivaTerceros":"0.00","comprasNSujetas":"0.00","libro":33}},{"model":"controliva.facturacompras","pk":145,"fields":{"correlativo":34318,"fecha":"2020-08-03","empresa":81,"cExenteInterna":"0.00","cExenteImportaciones":"0.00","cGravadaInterna":"134.82","cGravadaImportaciones":"0.00","ivaCdtoFiscal":"17.53","totalCompra":"152.35","retencionPretencion":"0.00","anticipoCtaIva":"0.00","ivaTerceros":"0.00","comprasNSujetas":"0.00","libro":33}},{"model":"controliva.facturacompras","pk":146,"fields":{"correlativo":33512,"fecha":"2020-08-04","empresa":81,"cExenteInterna":"0.00","cExenteImportaciones":"0.00","cGravadaInterna":"141.42","cGravadaImportaciones":"0.00","ivaCdtoFiscal":"18.38","totalCompra":"159.80","retencionPretencion":"0.00","anticipoCtaIva":"0.00","ivaTerceros":"0.00","comprasNSujetas":"0.00","libro":33}},{"model":"controliva.facturacompras","pk":147,"fields":{"correlativo":34377,"fecha":"2020-08-05","empresa":81,"cExenteInterna":"0.00","cExenteImportaciones":"0.00","cGravadaInterna":"154.82","cGravadaImportaciones":"0.00","ivaCdtoFiscal":"20.13","totalCompra":"174.95","retencionPretencion":"0.00","anticipoCtaIva":"0.00","ivaTerceros":"0.00","comprasNSujetas":"0.00","libro":33}},{"model":"controliva.facturacompras","pk":148,"fields":{"correlativo":61401,"fecha":"2020-08-05","empresa":81,"cExenteInterna":"0.00","cExenteImportaciones":"0.00","cGravadaInterna":"97.17","cGravadaImportaciones":"0.00","ivaCdtoFiscal":"12.63","totalCompra":"109.80","retencionPretencion":"0.00","anticipoCtaIva":"0.00","ivaTerceros":"0.00","comprasNSujetas":"0.00","libro":33}},{"model":"controliva.facturacompras","pk":149,"fields":{"correlativo":35057,"fecha":"2020-08-06","empresa":81,"cExenteInterna":"0.00","cExenteImportaciones":"0.00","cGravadaInterna":"70.71","cGravadaImportaciones":"0.00","ivaCdtoFiscal":"9.19","totalCompra":"79.90","retencionPretencion":"0.00","anticipoCtaIva":"0.00","ivaTerceros":"0.00","comprasNSujetas":"0.00","libro":33}},{"model":"controliva.facturacompras","pk":150,"fields":{"correlativo":33644,"fecha":"2020-08-07","empresa":81,"cExenteInterna":"0.00","cExenteImportaciones":"0.00","cGravadaInterna":"106.06","cGravadaImportaciones":"0.00","ivaCdtoFiscal":"13.79","totalCompra":"119.85","retencionPretencion":"0.00","anticipoCtaIva":"0.00","ivaTerceros":"0.00","comprasNSujetas":"0.00","libro":33}},{"model":"controliva.facturacompras","pk":151,"fields":{"correlativo":35436,"fecha":"2020-08-08","empresa":81,"cExenteInterna":"0.00","cExenteImportaciones":"0.00","cGravadaInterna":"70.71","cGravadaImportaciones":"0.00","ivaCdtoFiscal":"9.19","totalCompra":"79.90","retencionPretencion":"0.00","anticipoCtaIva":"0.00","ivaTerceros":"0.00","comprasNSujetas":"0.00","libro":33}},{"model":"controliva.facturacompras","pk":152,"fields":{"correlativo":502608,"fecha":"2020-08-06","empresa":26,"cExenteInterna":"0.00","cExenteImportaciones":"0.00","cGravadaInterna":"4.92","cGravadaImportaciones":"0.00","ivaCdtoFiscal":"0.64","totalCompra":"5.56","retencionPretencion":"0.00","anticipoCtaIva":"0.00","ivaTerceros":"0.00","comprasNSujetas":"0.00","libro":33}},{"model":"controliva.facturacompras","pk":153,"fields":{"correlativo":501225,"fecha":"2020-08-07","empresa":26,"cExenteInterna":"0.00","cExenteImportaciones":"0.00","cGravadaInterna":"17.23","cGravadaImportaciones":"0.00","ivaCdtoFiscal":"2.24","totalCompra":"19.47","retencionPretencion":"0.00","anticipoCtaIva":"0.00","ivaTerceros":"0.00","comprasNSujetas":"0.00","libro":33}},{"model":"controliva.facturacompras","pk":154,"fields":{"correlativo":36332,"fecha":"2020-08-10","empresa":81,"cExenteInterna":"0.00","cExenteImportaciones":"0.00","cGravadaInterna":"114.87","cGravadaImportaciones":"0.00","ivaCdtoFiscal":"14.93","totalCompra":"129.80","retencionPretencion":"0.00","anticipoCtaIva":"0.00","ivaTerceros":"0.00","comprasNSujetas":"0.00","libro":33}},{"model":"controliva.facturacompras","pk":155,"fields":{"correlativo":34465,"fecha":"2020-08-10","empresa":81,"cExenteInterna":"0.00","cExenteImportaciones":"0.00","cGravadaInterna":"35.35","cGravadaImportaciones":"0.00","ivaCdtoFiscal":"4.60","totalCompra":"39.95","retencionPretencion":"0.00","anticipoCtaIva":"0.00","ivaTerceros":"0.00","comprasNSujetas":"0.00","libro":33}},{"model":"controliva.facturacompras","pk":156,"fields":{"correlativo":35543,"fecha":"2020-08-11","empresa":81,"cExenteInterna":"0.00","cExenteImportaciones":"0.00","cGravadaInterna":"106.06","cGravadaImportaciones":"0.00","ivaCdtoFiscal":"13.79","totalCompra":"119.85","retencionPretencion":"0.00","anticipoCtaIva":"0.00","ivaTerceros":"0.00","comprasNSujetas":"0.00","libro":33}},{"model":"controliva.facturacompras","pk":157,"fields":{"correlativo":36656,"fecha":"2020-08-11","empresa":81,"cExenteInterna":"0.00","cExenteImportaciones":"0.00","cGravadaInterna":"141.42","cGravadaImportaciones":"0.00","ivaCdtoFiscal":"18.38","totalCompra":"159.80","retencionPretencion":"0.00","anticipoCtaIva":"0.00","ivaTerceros":"0.00","comprasNSujetas":"0.00","libro":33}},{"model":"controliva.facturacompras","pk":158,"fields":{"correlativo":35688,"fecha":"2020-08-12","empresa":81,"cExenteInterna":"0.00","cExenteImportaciones":"0.00","cGravadaInterna":"70.71","cGravadaImportaciones":"0.00","ivaCdtoFiscal":"9.19","totalCompra":"79.90","retencionPretencion":"0.00","anticipoCtaIva":"0.00","ivaTerceros":"0.00","comprasNSujetas":"0.00","libro":33}},{"model":"controliva.facturacompras","pk":159,"fields":{"correlativo":63088,"fecha":"2020-08-13","empresa":81,"cExenteInterna":"0.00","cExenteImportaciones":"0.00","cGravadaInterna":"141.42","cGravadaImportaciones":"0.00","ivaCdtoFiscal":"18.38","totalCompra":"159.80","retencionPretencion":"0.00","anticipoCtaIva":"0.00","ivaTerceros":"0.00","comprasNSujetas":"0.00","libro":33}},{"model":"controliva.facturacompras","pk":160,"fields":{"correlativo":36729,"fecha":"2020-08-13","empresa":81,"cExenteInterna":"0.00","cExenteImportaciones":"0.00","cGravadaInterna":"128.32","cGravadaImportaciones":"0.00","ivaCdtoFiscal":"16.68","totalCompra":"145.00","retencionPretencion":"0.00","anticipoCtaIva":"0.00","ivaTerceros":"0.00","comprasNSujetas":"0.00","libro":33}},{"model":"controliva.facturacompras","pk":161,"fields":{"correlativo":36472,"fecha":"2020-08-13","empresa":81,"cExenteInterna":"0.00","cExenteImportaciones":"0.00","cGravadaInterna":"212.12","cGravadaImportaciones":"0.00","ivaCdtoFiscal":"27.58","totalCompra":"239.70","retencionPretencion":"0.00","anticipoCtaIva":"0.00","ivaTerceros":"0.00","comprasNSujetas":"0.00","libro":33}},{"model":"controliva.facturacompras","pk":162,"fields":{"correlativo":36789,"fecha":"2020-08-14","empresa":81,"cExenteInterna":"0.00","cExenteImportaciones":"0.00","cGravadaInterna":"44.16","cGravadaImportaciones":"0.00","ivaCdtoFiscal":"5.74","totalCompra":"49.90","retencionPretencion":"0.00","anticipoCtaIva":"0.00","ivaTerceros":"0.00","comprasNSujetas":"0.00","libro":33}},{"model":"controliva.facturacompras","pk":163,"fields":{"correlativo":38923,"fecha":"2020-08-15","empresa":81,"cExenteInterna":"0.00","cExenteImportaciones":"0.00","cGravadaInterna":"106.06","cGravadaImportaciones":"0.00","ivaCdtoFiscal":"13.79","totalCompra":"119.85","retencionPretencion":"0.00","anticipoCtaIva":"0.00","ivaTerceros":"0.00","comprasNSujetas":"0.00","libro":33}},{"model":"controliva.facturacompras","pk":164,"fields":{"correlativo":63317,"fecha":"2020-08-15","empresa":81,"cExenteInterna":"0.00","cExenteImportaciones":"0.00","cGravadaInterna":"389.38","cGravadaImportaciones":"0.00","ivaCdtoFiscal":"50.62","totalCompra":"440.00","retencionPretencion":"0.00","anticipoCtaIva":"0.00","ivaTerceros":"0.00","comprasNSujetas":"0.00","libro":33}},{"model":"controliva.facturacompras","pk":165,"fields":{"correlativo":40024,"fecha":"2020-08-17","empresa":81,"cExenteInterna":"0.00","cExenteImportaciones":"0.00","cGravadaInterna":"141.42","cGravadaImportaciones":"0.00","ivaCdtoFiscal":"18.38","totalCompra":"159.80","retencionPretencion":"0.00","anticipoCtaIva":"0.00","ivaTerceros":"0.00","comprasNSujetas":"0.00","libro":33}},{"model":"controliva.facturacompras","pk":166,"fields":{"correlativo":53711,"fecha":"2020-08-02","empresa":71,"cExenteInterna":"0.00","cExenteImportaciones":"0.00","cGravadaInterna":"8.19","cGravadaImportaciones":"0.00","ivaCdtoFiscal":"1.06","totalCompra":"9.25","retencionPretencion":"0.00","anticipoCtaIva":"0.00","ivaTerceros":"0.00","comprasNSujetas":"0.00","libro":33}},{"model":"controliva.facturacompras","pk":167,"fields":{"correlativo":288522,"fecha":"2020-08-06","empresa":79,"cExenteInterna":"0.00","cExenteImportaciones":"0.00","cGravadaInterna":"88.32","cGravadaImportaciones":"0.00","ivaCdtoFiscal":"11.48","totalCompra":"99.80","retencionPretencion":"0.00","anticipoCtaIva":"0.00","ivaTerceros":"0.00","comprasNSujetas":"0.00","libro":33}},{"model":"controliva.facturacompras","pk":168,"fields":{"correlativo":836574,"fecha":"2020-08-03","empresa":30,"cExenteInterna":"0.00","cExenteImportaciones":"0.00","cGravadaInterna":"16.36","cGravadaImportaciones":"0.00","ivaCdtoFiscal":"2.13","totalCompra":"18.49","retencionPretencion":"0.00","anticipoCtaIva":"0.00","ivaTerceros":"0.00","comprasNSujetas":"0.00","libro":33}},{"model":"controliva.facturacompras","pk":169,"fields":{"correlativo":54000,"fecha":"2002-08-04","empresa":71,"cExenteInterna":"0.00","cExenteImportaciones":"0.00","cGravadaInterna":"12.20","cGravadaImportaciones":"0.00","ivaCdtoFiscal":"1.59","totalCompra":"13.79","retencionPretencion":"0.00","anticipoCtaIva":"0.00","ivaTerceros":"0.00","comprasNSujetas":"0.00","libro":33}},{"model":"controliva.facturacompras","pk":170,"fields":{"correlativo":9261,"fecha":"2020-08-05","empresa":67,"cExenteInterna":"0.00","cExenteImportaciones":"0.00","cGravadaInterna":"8.13","cGravadaImportaciones":"0.00","ivaCdtoFiscal":"1.06","totalCompra":"9.19","retencionPretencion":"0.00","anticipoCtaIva":"0.00","ivaTerceros":"0.00","comprasNSujetas":"0.00","libro":33}},{"model":"controliva.facturacompras","pk":171,"fields":{"correlativo":63605,"fecha":"2020-08-17","empresa":81,"cExenteInterna":"0.00","cExenteImportaciones":"0.00","cGravadaInterna":"44.16","cGravadaImportaciones":"0.00","ivaCdtoFiscal":"5.74","totalCompra":"49.90","retencionPretencion":"0.00","anticipoCtaIva":"0.00","ivaTerceros":"0.00","comprasNSujetas":"0.00","libro":33}},{"model":"controliva.facturacompras","pk":172,"fields":{"correlativo":293837,"fecha":"2020-08-18","empresa":79,"cExenteInterna":"0.00","cExenteImportaciones":"0.00","cGravadaInterna":"80.10","cGravadaImportaciones":"0.00","ivaCdtoFiscal":"10.41","totalCompra":"90.51","retencionPretencion":"0.00","anticipoCtaIva":"0.00","ivaTerceros":"0.00","comprasNSujetas":"0.00","libro":33}},{"model":"controliva.facturacompras","pk":173,"fields":{"correlativo":63351,"fecha":"2020-08-18","empresa":81,"cExenteInterna":"0.00","cExenteImportaciones":"0.00","cGravadaInterna":"70.71","cGravadaImportaciones":"0.00","ivaCdtoFiscal":"9.19","totalCompra":"79.90","retencionPretencion":"0.00","anticipoCtaIva":"0.00","ivaTerceros":"0.00","comprasNSujetas":"0.00","libro":33}},{"model":"controliva.facturacompras","pk":174,"fields":{"correlativo":16102,"fecha":"2020-08-12","empresa":81,"cExenteInterna":"0.00","cExenteImportaciones":"0.00","cGravadaInterna":"90.00","cGravadaImportaciones":"0.00","ivaCdtoFiscal":"11.70","totalCompra":"101.70","retencionPretencion":"0.00","anticipoCtaIva":"0.00","ivaTerceros":"0.00","comprasNSujetas":"0.00","libro":33}},{"model":"controliva.facturacompras","pk":175,"fields":{"correlativo":39529,"fecha":"2020-08-18","empresa":81,"cExenteInterna":"0.00","cExenteImportaciones":"0.00","cGravadaInterna":"87.61","cGravadaImportaciones":"0.00","ivaCdtoFiscal":"11.39","totalCompra":"99.00","retencionPretencion":"0.00","anticipoCtaIva":"0.00","ivaTerceros":"0.00","comprasNSujetas":"0.00","libro":33}},{"model":"controliva.facturacompras","pk":176,"fields":{"correlativo":40943,"fecha":"2020-08-19","empresa":81,"cExenteInterna":"0.00","cExenteImportaciones":"0.00","cGravadaInterna":"44.16","cGravadaImportaciones":"0.00","ivaCdtoFiscal":"5.74","totalCompra":"49.90","retencionPretencion":"0.00","anticipoCtaIva":"0.00","ivaTerceros":"0.00","comprasNSujetas":"0.00","libro":33}},{"model":"controliva.facturacompras","pk":177,"fields":{"correlativo":9431,"fecha":"2020-08-05","empresa":83,"cExenteInterna":"0.00","cExenteImportaciones":"0.00","cGravadaInterna":"1.10","cGravadaImportaciones":"0.00","ivaCdtoFiscal":"0.14","totalCompra":"1.24","retencionPretencion":"0.00","anticipoCtaIva":"0.00","ivaTerceros":"0.00","comprasNSujetas":"0.00","libro":33}},{"model":"controliva.facturacompras","pk":178,"fields":{"correlativo":40920,"fecha":"2020-08-19","empresa":81,"cExenteInterna":"0.00","cExenteImportaciones":"0.00","cGravadaInterna":"37.04","cGravadaImportaciones":"0.00","ivaCdtoFiscal":"4.81","totalCompra":"41.85","retencionPretencion":"0.00","anticipoCtaIva":"0.00","ivaTerceros":"0.00","comprasNSujetas":"0.00","libro":33}},{"model":"controliva.facturacompras","pk":179,"fields":{"correlativo":303615,"fecha":"2020-08-19","empresa":26,"cExenteInterna":"0.00","cExenteImportaciones":"0.00","cGravadaInterna":"220.35","cGravadaImportaciones":"0.00","ivaCdtoFiscal":"28.65","totalCompra":"249.00","retencionPretencion":"0.00","anticipoCtaIva":"0.00","ivaTerceros":"0.00","comprasNSujetas":"0.00","libro":33}},{"model":"controliva.facturacompras","pk":180,"fields":{"correlativo":37300,"fecha":"2020-08-20","empresa":81,"cExenteInterna":"0.00","cExenteImportaciones":"0.00","cGravadaInterna":"106.06","cGravadaImportaciones":"0.00","ivaCdtoFiscal":"13.79","totalCompra":"119.85","retencionPretencion":"0.00","anticipoCtaIva":"0.00","ivaTerceros":"0.00","comprasNSujetas":"0.00","libro":33}},{"model":"controliva.facturacompras","pk":181,"fields":{"correlativo":23108,"fecha":"2020-08-20","empresa":81,"cExenteInterna":"0.00","cExenteImportaciones":"0.00","cGravadaInterna":"53.01","cGravadaImportaciones":"0.00","ivaCdtoFiscal":"6.89","totalCompra":"59.90","retencionPretencion":"0.00","anticipoCtaIva":"0.00","ivaTerceros":"0.00","comprasNSujetas":"0.00","libro":33}},{"model":"controliva.facturacompras","pk":182,"fields":{"correlativo":2554,"fecha":"2020-08-20","empresa":81,"cExenteInterna":"0.00","cExenteImportaciones":"0.00","cGravadaInterna":"53.01","cGravadaImportaciones":"0.00","ivaCdtoFiscal":"6.89","totalCompra":"59.90","retencionPretencion":"0.00","anticipoCtaIva":"0.00","ivaTerceros":"0.00","comprasNSujetas":"0.00","libro":33}},{"model":"controliva.facturacompras","pk":183,"fields":{"correlativo":63696,"fecha":"2020-08-21","empresa":81,"cExenteInterna":"0.00","cExenteImportaciones":"0.00","cGravadaInterna":"183.76","cGravadaImportaciones":"0.00","ivaCdtoFiscal":"23.89","totalCompra":"207.65","retencionPretencion":"0.00","anticipoCtaIva":"0.00","ivaTerceros":"0.00","comprasNSujetas":"0.00","libro":33}},{"model":"controliva.facturacompras","pk":184,"fields":{"correlativo":40755,"fecha":"2020-08-22","empresa":81,"cExenteInterna":"0.00","cExenteImportaciones":"0.00","cGravadaInterna":"70.71","cGravadaImportaciones":"0.00","ivaCdtoFiscal":"9.19","totalCompra":"79.90","retencionPretencion":"0.00","anticipoCtaIva":"0.00","ivaTerceros":"0.00","comprasNSujetas":"0.00","libro":33}},{"model":"controliva.facturacompras","pk":185,"fields":{"correlativo":63567,"fecha":"2020-08-24","empresa":81,"cExenteInterna":"0.00","cExenteImportaciones":"0.00","cGravadaInterna":"194.69","cGravadaImportaciones":"0.00","ivaCdtoFiscal":"25.31","totalCompra":"220.00","retencionPretencion":"0.00","anticipoCtaIva":"0.00","ivaTerceros":"0.00","comprasNSujetas":"0.00","libro":33}},{"model":"controliva.facturacompras","pk":186,"fields":{"correlativo":39398,"fecha":"2020-08-20","empresa":81,"cExenteInterna":"0.00","cExenteImportaciones":"0.00","cGravadaInterna":"230.80","cGravadaImportaciones":"0.00","ivaCdtoFiscal":"30.00","totalCompra":"260.80","retencionPretencion":"0.00","anticipoCtaIva":"0.00","ivaTerceros":"0.00","comprasNSujetas":"0.00","libro":33}},{"model":"controliva.facturacompras","pk":187,"fields":{"correlativo":63572,"fecha":"2020-08-24","empresa":81,"cExenteInterna":"0.00","cExenteImportaciones":"0.00","cGravadaInterna":"194.69","cGravadaImportaciones":"0.00","ivaCdtoFiscal":"25.31","totalCompra":"220.00","retencionPretencion":"0.00","anticipoCtaIva":"0.00","ivaTerceros":"0.00","comprasNSujetas":"0.00","libro":33}},{"model":"controliva.facturacompras","pk":189,"fields":{"correlativo":42758,"fecha":"2020-08-24","empresa":81,"cExenteInterna":"0.00","cExenteImportaciones":"0.00","cGravadaInterna":"106.06","cGravadaImportaciones":"0.00","ivaCdtoFiscal":"13.79","totalCompra":"119.85","retencionPretencion":"0.00","anticipoCtaIva":"0.00","ivaTerceros":"0.00","comprasNSujetas":"0.00","libro":33}},{"model":"controliva.facturacompras","pk":190,"fields":{"correlativo":43246,"fecha":"2020-08-25","empresa":81,"cExenteInterna":"0.00","cExenteImportaciones":"0.00","cGravadaInterna":"35.35","cGravadaImportaciones":"0.00","ivaCdtoFiscal":"4.60","totalCompra":"39.95","retencionPretencion":"0.00","anticipoCtaIva":"0.00","ivaTerceros":"0.00","comprasNSujetas":"0.00","libro":33}},{"model":"controliva.facturacompras","pk":191,"fields":{"correlativo":44355,"fecha":"2020-08-26","empresa":81,"cExenteInterna":"0.00","cExenteImportaciones":"0.00","cGravadaInterna":"61.86","cGravadaImportaciones":"0.00","ivaCdtoFiscal":"8.04","totalCompra":"69.90","retencionPretencion":"0.00","anticipoCtaIva":"0.00","ivaTerceros":"0.00","comprasNSujetas":"0.00","libro":33}},{"model":"controliva.facturacompras","pk":192,"fields":{"correlativo":325084,"fecha":"2020-08-01","empresa":33,"cExenteInterna":"0.00","cExenteImportaciones":"0.00","cGravadaInterna":"7.04","cGravadaImportaciones":"0.00","ivaCdtoFiscal":"0.92","totalCompra":"7.96","retencionPretencion":"0.00","anticipoCtaIva":"0.00","ivaTerceros":"0.00","comprasNSujetas":"0.00","libro":33}},{"model":"controliva.facturacompras","pk":193,"fields":{"correlativo":111168,"fecha":"2020-08-10","empresa":32,"cExenteInterna":"0.00","cExenteImportaciones":"0.00","cGravadaInterna":"8.13","cGravadaImportaciones":"0.00","ivaCdtoFiscal":"1.06","totalCompra":"9.19","retencionPretencion":"0.00","anticipoCtaIva":"0.00","ivaTerceros":"0.00","comprasNSujetas":"0.00","libro":33}},{"model":"controliva.facturacompras","pk":194,"fields":{"correlativo":30772039,"fecha":"2019-12-09","empresa":27,"cExenteInterna":"0.00","cExenteImportaciones":"0.00","cGravadaInterna":"23.00","cGravadaImportaciones":"0.00","ivaCdtoFiscal":"2.99","totalCompra":"25.99","retencionPretencion":"0.00","anticipoCtaIva":"0.00","ivaTerceros":"0.00","comprasNSujetas":"0.00","libro":32}},{"model":"controliva.facturacompras","pk":195,"fields":{"correlativo":3077248,"fecha":"2019-12-09","empresa":27,"cExenteInterna":"0.00","cExenteImportaciones":"0.00","cGravadaInterna":"21.57","cGravadaImportaciones":"0.00","ivaCdtoFiscal":"2.80","totalCompra":"24.37","retencionPretencion":"0.00","anticipoCtaIva":"0.00","ivaTerceros":"0.00","comprasNSujetas":"0.00","libro":32}},{"model":"controliva.facturacompras","pk":196,"fields":{"correlativo":30772019,"fecha":"2019-12-09","empresa":27,"cExenteInterna":"0.00","cExenteImportaciones":"0.00","cGravadaInterna":"21.57","cGravadaImportaciones":"0.00","ivaCdtoFiscal":"2.80","totalCompra":"24.37","retencionPretencion":"0.00","anticipoCtaIva":"0.00","ivaTerceros":"0.00","comprasNSujetas":"0.00","libro":32}},{"model":"controliva.facturacompras","pk":197,"fields":{"correlativo":30772027,"fecha":"2019-12-09","empresa":27,"cExenteInterna":"0.00","cExenteImportaciones":"0.00","cGravadaInterna":"5.00","cGravadaImportaciones":"0.00","ivaCdtoFiscal":"0.65","totalCompra":"5.65","retencionPretencion":"0.00","anticipoCtaIva":"0.00","ivaTerceros":"0.00","comprasNSujetas":"0.00","libro":32}},{"model":"controliva.facturacompras","pk":199,"fields":{"correlativo":1725,"fecha":"2019-12-13","empresa":84,"cExenteInterna":"0.00","cExenteImportaciones":"0.00","cGravadaInterna":"44.07","cGravadaImportaciones":"0.00","ivaCdtoFiscal":"5.73","totalCompra":"49.80","retencionPretencion":"0.00","anticipoCtaIva":"0.00","ivaTerceros":"0.00","comprasNSujetas":"0.00","libro":32}},{"model":"controliva.facturacompras","pk":200,"fields":{"correlativo":242,"fecha":"2019-12-16","empresa":85,"cExenteInterna":"0.00","cExenteImportaciones":"0.00","cGravadaInterna":"20.00","cGravadaImportaciones":"0.00","ivaCdtoFiscal":"2.60","totalCompra":"22.60","retencionPretencion":"0.00","anticipoCtaIva":"0.00","ivaTerceros":"0.00","comprasNSujetas":"0.00","libro":32}},{"model":"controliva.facturacompras","pk":201,"fields":{"correlativo":139,"fecha":"2019-03-25","empresa":93,"cExenteInterna":"0.00","cExenteImportaciones":"0.00","cGravadaInterna":"0.00","cGravadaImportaciones":"0.00","ivaCdtoFiscal":"0.00","totalCompra":"0.00","retencionPretencion":"9.89","anticipoCtaIva":"0.00","ivaTerceros":"0.00","comprasNSujetas":"0.00","libro":44}},{"model":"controliva.facturacompras","pk":202,"fields":{"correlativo":19469,"fecha":"2019-12-17","empresa":92,"cExenteInterna":"0.00","cExenteImportaciones":"0.00","cGravadaInterna":"0.00","cGravadaImportaciones":"0.00","ivaCdtoFiscal":"0.00","totalCompra":"0.00","retencionPretencion":"2.50","anticipoCtaIva":"0.00","ivaTerceros":"0.00","comprasNSujetas":"0.00","libro":44}},{"model":"controliva.facturacompras","pk":203,"fields":{"correlativo":235,"fecha":"2019-12-07","empresa":94,"cExenteInterna":"0.00","cExenteImportaciones":"0.00","cGravadaInterna":"665.94","cGravadaImportaciones":"0.00","ivaCdtoFiscal":"86.57","totalCompra":"752.51","retencionPretencion":"0.00","anticipoCtaIva":"0.00","ivaTerceros":"0.00","comprasNSujetas":"0.00","libro":44}},{"model":"controliva.facturacompras","pk":204,"fields":{"correlativo":493,"fecha":"2019-12-19","empresa":95,"cExenteInterna":"0.00","cExenteImportaciones":"0.00","cGravadaInterna":"1115.50","cGravadaImportaciones":"0.00","ivaCdtoFiscal":"145.02","totalCompra":"1260.52","retencionPretencion":"0.00","anticipoCtaIva":"0.00","ivaTerceros":"0.00","comprasNSujetas":"0.00","libro":44}},{"model":"controliva.facturacompras","pk":205,"fields":{"correlativo":492,"fecha":"2019-12-19","empresa":95,"cExenteInterna":"0.00","cExenteImportaciones":"0.00","cGravadaInterna":"776.00","cGravadaImportaciones":"0.00","ivaCdtoFiscal":"100.88","totalCompra":"876.88","retencionPretencion":"0.00","anticipoCtaIva":"0.00","ivaTerceros":"0.00","comprasNSujetas":"0.00","libro":44}},{"model":"controliva.facturacompras","pk":207,"fields":{"correlativo":27,"fecha":"2019-12-19","empresa":96,"cExenteInterna":"0.00","cExenteImportaciones":"0.00","cGravadaInterna":"405.78","cGravadaImportaciones":"0.00","ivaCdtoFiscal":"52.75","totalCompra":"458.53","retencionPretencion":"0.00","anticipoCtaIva":"0.00","ivaTerceros":"0.00","comprasNSujetas":"0.00","libro":44}},{"model":"controliva.facturacompras","pk":208,"fields":{"correlativo":495,"fecha":"2019-12-20","empresa":97,"cExenteInterna":"0.00","cExenteImportaciones":"0.00","cGravadaInterna":"1050.12","cGravadaImportaciones":"0.00","ivaCdtoFiscal":"136.52","totalCompra":"1186.64","retencionPretencion":"0.00","anticipoCtaIva":"0.00","ivaTerceros":"0.00","comprasNSujetas":"0.00","libro":44}},{"model":"controliva.facturacompras","pk":209,"fields":{"correlativo":233,"fecha":"2019-12-20","empresa":98,"cExenteInterna":"0.00","cExenteImportaciones":"0.00","cGravadaInterna":"400.00","cGravadaImportaciones":"0.00","ivaCdtoFiscal":"52.00","totalCompra":"452.00","retencionPretencion":"0.00","anticipoCtaIva":"0.00","ivaTerceros":"0.00","comprasNSujetas":"0.00","libro":44}},{"model":"controliva.facturacompras","pk":210,"fields":{"correlativo":995,"fecha":"2019-12-25","empresa":99,"cExenteInterna":"0.00","cExenteImportaciones":"0.00","cGravadaInterna":"104.55","cGravadaImportaciones":"0.00","ivaCdtoFiscal":"13.59","totalCompra":"118.14","retencionPretencion":"0.00","anticipoCtaIva":"0.00","ivaTerceros":"0.00","comprasNSujetas":"0.00","libro":44}},{"model":"controliva.facturacompras","pk":211,"fields":{"correlativo":2625,"fecha":"2019-12-17","empresa":90,"cExenteInterna":"0.00","cExenteImportaciones":"0.00","cGravadaInterna":"222.09","cGravadaImportaciones":"0.00","ivaCdtoFiscal":"28.87","totalCompra":"250.96","retencionPretencion":"0.00","anticipoCtaIva":"0.00","ivaTerceros":"0.00","comprasNSujetas":"0.00","libro":44}}]